黑龙江省,嘉荫,2024-01-12,-31.4
内蒙古自治区,额尔古纳,2024-01-12,-29.2
黑龙江省,呼玛,2024-01-12,-28.9
黑龙江省,逊克,2024-01-12,-28.8
内蒙古自治区,图里河,2024-01-12,-28.4
黑龙江省,汤旺,2024-01-12,-28.3
内蒙古自治区,陈巴尔虎旗,2024-01-12,-27.6
黑龙江省,漠河,2024-01-12,-27.3
内蒙古自治区,牙克石,2024-01-12,-27.2
黑龙江省,五大连池,2024-01-12,-26.6
内蒙古自治区,鄂温克旗,2024-01-12,-26.6
黑龙江省,新林,2024-01-12,-26.5
内蒙古自治区,新巴尔虎左旗,2024-01-12,-26.4
黑龙江省,抚远,2024-01-12,-26.4
黑龙江省,呼中,2024-01-12,-26.4
黑龙江省,孙吴,2024-01-12,-26.4
黑龙江省,丰林,2024-01-12,-26.3
内蒙古自治区,根河,2024-01-12,-26.2
内蒙古自治区,阿尔山,2024-01-12,-26.2
内蒙古自治区,海拉尔,2024-01-12,-25.9
黑龙江省,嫩江,2024-01-12,-25.9
黑龙江省,塔河,2024-01-12,-25.1
内蒙古自治区,满洲里,2024-01-12,-25.0
黑龙江省,北安,2024-01-12,-24.7
黑龙江省,海伦,2024-01-12,-24.6
黑龙江省,黑河,2024-01-12,-24.4
黑龙江省,绥滨,2024-01-12,-24.0
内蒙古自治区,莫力达瓦旗,2024-01-12,-24.0
黑龙江省,庆安,2024-01-12,-23.6
黑龙江省,讷河,2024-01-12,-23.4
黑龙江省,绥棱,2024-01-12,-23.4
黑龙江省,兰西,2024-01-12,-23.3
黑龙江省,加格达奇,2024-01-12,-23.1
内蒙古自治区,新巴尔虎右旗,2024-01-12,-23.1
黑龙江省,铁力,2024-01-12,-23.0
内蒙古自治区,乌拉盖,2024-01-12,-23.0
黑龙江省,富锦,2024-01-12,-23.0
黑龙江省,望奎,2024-01-12,-22.9
内蒙古自治区,小二沟,2024-01-12,-22.9
内蒙古自治区,鄂伦春旗,2024-01-12,-22.7
黑龙江省,克东,2024-01-12,-22.6
黑龙江省,依安,2024-01-12,-22.6
黑龙江省,青冈,2024-01-12,-22.6
黑龙江省,拜泉,2024-01-12,-22.4
黑龙江省,伊春,2024-01-12,-22.3
黑龙江省,克山,2024-01-12,-22.2
黑龙江省,萝北,2024-01-12,-22.2
黑龙江省,明水,2024-01-12,-22.2
黑龙江省,巴彦,2024-01-12,-22.0
黑龙江省,绥化,2024-01-12,-21.9
黑龙江省,肇东,2024-01-12,-21.4
黑龙江省,友谊,2024-01-12,-21.4
黑龙江省,呼兰,2024-01-12,-21.3
黑龙江省,木兰,2024-01-12,-21.2
黑龙江省,鹤岗,2024-01-12,-21.2
黑龙江省,同江,2024-01-12,-21.1
黑龙江省,林甸,2024-01-12,-21.0
黑龙江省,佳木斯,2024-01-12,-20.7
黑龙江省,富裕,2024-01-12,-20.6
黑龙江省,通河,2024-01-12,-20.3
黑龙江省,宝清,2024-01-12,-20.3
黑龙江省,饶河,2024-01-12,-20.3
黑龙江省,泰来,2024-01-12,-20.2
内蒙古自治区,胡尔勒,2024-01-12,-20.2
黑龙江省,阿城,2024-01-12,-20.0
黑龙江省,双城,2024-01-12,-19.9
黑龙江省,宾县,2024-01-12,-19.9
黑龙江省,哈尔滨,2024-01-12,-19.8
黑龙江省,方正,2024-01-12,-19.8
黑龙江省,桦川,2024-01-12,-19.7
黑龙江省,集贤,2024-01-12,-19.7
黑龙江省,汤原,2024-01-12,-19.4
内蒙古自治区,博克图,2024-01-12,-19.4
黑龙江省,安达,2024-01-12,-19.2
内蒙古自治区,扎兰屯,2024-01-12,-19.2
黑龙江省,延寿,2024-01-12,-19.1
黑龙江省,肇州,2024-01-12,-18.8
内蒙古自治区,东乌珠穆沁旗,2024-01-12,-18.8
黑龙江省,杜尔伯特,2024-01-12,-18.8
吉林省,扶余,2024-01-12,-18.8
黑龙江省,桦南,2024-01-12,-18.8
黑龙江省,勃利,2024-01-12,-18.6
黑龙江省,林口,2024-01-12,-18.4
黑龙江省,大庆,2024-01-12,-18.3
黑龙江省,五常,2024-01-12,-18.2
黑龙江省,依兰,2024-01-12,-18.2
黑龙江省,七台河,2024-01-12,-18.2
内蒙古自治区,霍林郭勒,2024-01-12,-18.0
黑龙江省,虎林,2024-01-12,-17.8
吉林省,大安,2024-01-12,-17.8
内蒙古自治区,那仁宝力格,2024-01-12,-17.7
吉林省,榆树,2024-01-12,-17.6
黑龙江省,双鸭山,2024-01-12,-17.6
内蒙古自治区,索伦,2024-01-12,-17.6
黑龙江省,肇源,2024-01-12,-17.4
内蒙古自治区,阿荣旗,2024-01-12,-17.3
吉林省,镇赉,2024-01-12,-17.2
吉林省,农安,2024-01-12,-17.0
黑龙江省,尚志,2024-01-12,-17.0
西藏自治区,聂荣,2024-01-12,-17.0
黑龙江省,齐齐哈尔,2024-01-12,-16.9
吉林省,白城,2024-01-12,-16.6
黑龙江省,密山,2024-01-12,-16.6
黑龙江省,穆棱,2024-01-12,-16.5
吉林省,舒兰,2024-01-12,-16.5
黑龙江省,鸡西,2024-01-12,-16.3
黑龙江省,甘南,2024-01-12,-16.2
黑龙江省,鸡东,2024-01-12,-16.2
吉林省,前郭,2024-01-12,-16.2
内蒙古自治区,扎赉特旗,2024-01-12,-16.2
吉林省,德惠,2024-01-12,-15.9
吉林省,辉南,2024-01-12,-15.9
内蒙古自治区,巴雅尔吐胡硕,2024-01-12,-15.8
黑龙江省,龙江,2024-01-12,-15.7
吉林省,松原,2024-01-12,-15.6
黑龙江省,海林,2024-01-12,-15.5
吉林省,九台,2024-01-12,-15.4
吉林省,洮南,2024-01-12,-15.4
黑龙江省,绥芬河,2024-01-12,-15.3
吉林省,乾安,2024-01-12,-15.2
青海省,甘德,2024-01-12,-15.0
内蒙古自治区,阿巴嘎旗,2024-01-12,-14.9
辽宁省,西丰,2024-01-12,-14.6
吉林省,永吉,2024-01-12,-14.5
黑龙江省,宁安,2024-01-12,-14.5
青海省,曲麻莱,2024-01-12,-14.5
吉林省,东丰,2024-01-12,-14.5
吉林省,通榆,2024-01-12,-14.3
西藏自治区,安多,2024-01-12,-14.2
内蒙古自治区,西乌珠穆沁旗,2024-01-12,-14.2
黑龙江省,牡丹江,2024-01-12,-14.1
西藏自治区,双湖,2024-01-12,-14.1
青海省,海晏,2024-01-12,-14.0
西藏自治区,革吉,2024-01-12,-14.0
吉林省,靖宇,2024-01-12,-13.9
青海省,玛多,2024-01-12,-13.8
内蒙古自治区,科尔沁左翼中旗,2024-01-12,-13.7
吉林省,蛟河,2024-01-12,-13.7
内蒙古自治区,乌兰浩特,2024-01-12,-13.6
吉林省,辽源,2024-01-12,-13.5
青海省,达日,2024-01-12,-13.5
河北省,沽源,2024-01-12,-13.5
河北省,康保,2024-01-12,-13.4
青海省,河南,2024-01-12,-13.4
吉林省,长春,2024-01-12,-13.4
内蒙古自治区,苏尼特左旗,2024-01-12,-13.4
西藏自治区,改则,2024-01-12,-13.3
内蒙古自治区,富河,2024-01-12,-13.2
吉林省,磐石,2024-01-12,-13.2
吉林省,双阳,2024-01-12,-13.2
吉林省,抚松,2024-01-12,-13.1
吉林省,四平,2024-01-12,-13.1
吉林省,长岭,2024-01-12,-13.1
吉林省,长白,2024-01-12,-13.0
四川省,石渠,2024-01-12,-12.9
内蒙古自治区,锡林浩特,2024-01-12,-12.9
内蒙古自治区,高力板,2024-01-12,-12.8
青海省,治多,2024-01-12,-12.8
吉林省,伊通,2024-01-12,-12.8
辽宁省,清原,2024-01-12,-12.8
内蒙古自治区,太仆寺旗,2024-01-12,-12.8
青海省,泽库,2024-01-12,-12.6
吉林省,吉林,2024-01-12,-12.6
西藏自治区,嘉黎,2024-01-12,-12.6
内蒙古自治区,卓资,2024-01-12,-12.6
内蒙古自治区,多伦,2024-01-12,-12.5
西藏自治区,申扎,2024-01-12,-12.5
西藏自治区,那曲,2024-01-12,-12.4
辽宁省,新宾,2024-01-12,-12.4
青海省,玛沁,2024-01-12,-12.4
新疆维吾尔自治区,巴音布鲁克,2024-01-12,-12.3
西藏自治区,仲巴,2024-01-12,-12.1
青海省,刚察,2024-01-12,-12.1
吉林省,桦甸,2024-01-12,-12.0
吉林省,白山,2024-01-12,-12.0
吉林省,双辽,2024-01-12,-11.9
内蒙古自治区,二连浩特,2024-01-12,-11.9
青海省,杂多,2024-01-12,-11.9
西藏自治区,班戈,2024-01-12,-11.9
吉林省,柳河,2024-01-12,-11.9
吉林省,公主岭,2024-01-12,-11.8
吉林省,敦化,2024-01-12,-11.8
内蒙古自治区,突泉,2024-01-12,-11.8
吉林省,梅河口,2024-01-12,-11.8
黑龙江省,东宁,2024-01-12,-11.8
青海省,茫崖,2024-01-12,-11.6
辽宁省,抚顺,2024-01-12,-11.6
内蒙古自治区,舍伯吐,2024-01-12,-11.4
内蒙古自治区,林西,2024-01-12,-11.4
吉林省,梨树,2024-01-12,-11.4
四川省,红原,2024-01-12,-11.4
内蒙古自治区,托克托,2024-01-12,-11.4
河北省,蔚县,2024-01-12,-11.4
内蒙古自治区,科尔沁右翼中旗,2024-01-12,-11.3
河北省,尚义,2024-01-12,-11.3
青海省,玉树,2024-01-12,-11.2
吉林省,二道,2024-01-12,-11.2
西藏自治区,措勤,2024-01-12,-11.2
吉林省,东岗,2024-01-12,-11.1
四川省,色达,2024-01-12,-11.1
内蒙古自治区,克什克腾旗,2024-01-12,-11.0
西藏自治区,巴青,2024-01-12,-11.0
辽宁省,开原,2024-01-12,-11.0
河北省,围场,2024-01-12,-11.0
吉林省,通化县,2024-01-12,-10.9
内蒙古自治区,通辽,2024-01-12,-10.9
内蒙古自治区,岗子,2024-01-12,-10.8
西藏自治区,索县,2024-01-12,-10.8
河北省,隆化,2024-01-12,-10.8
山西省,右玉,2024-01-12,-10.7
吉林省,汪清,2024-01-12,-10.6
内蒙古自治区,巴林右旗,2024-01-12,-10.6
西藏自治区,类乌齐,2024-01-12,-10.6
吉林省,临江,2024-01-12,-10.6
青海省,久治,2024-01-12,-10.6
内蒙古自治区,察哈尔右翼前旗,2024-01-12,-10.6
辽宁省,康平,2024-01-12,-10.6
辽宁省,桓仁,2024-01-12,-10.5
内蒙古自治区,正镶白旗,2024-01-12,-10.5
青海省,班玛,2024-01-12,-10.4
青海省,大柴旦,2024-01-12,-10.4
西藏自治区,日土,2024-01-12,-10.3
西藏自治区,尼玛,2024-01-12,-10.3
青海省,称多,2024-01-12,-10.2
内蒙古自治区,科尔沁左翼后旗,2024-01-12,-10.2
青海省,兴海,2024-01-12,-10.2
青海省,冷湖,2024-01-12,-10.2
青海省,祁连,2024-01-12,-10.2
河北省,张北,2024-01-12,-10.1
西藏自治区,狮泉河,2024-01-12,-10.1
西藏自治区,萨嘎,2024-01-12,-10.0
青海省,门源,2024-01-12,-10.0
青海省,乌兰,2024-01-12,-10.0
内蒙古自治区,敖汉旗,2024-01-12,-10.0
内蒙古自治区,凉城,2024-01-12,-9.9
辽宁省,法库,2024-01-12,-9.9
西藏自治区,比如,2024-01-12,-9.9
西藏自治区,当雄,2024-01-12,-9.8
辽宁省,岫岩,2024-01-12,-9.8
辽宁省,宽甸,2024-01-12,-9.8
辽宁省,昌图,2024-01-12,-9.8
吉林省,安图,2024-01-12,-9.8
新疆维吾尔自治区,吉木乃,2024-01-12,-9.8
西藏自治区,江达,2024-01-12,-9.6
内蒙古自治区,阿鲁科尔沁旗,2024-01-12,-9.6
内蒙古自治区,扎鲁特旗,2024-01-12,-9.5
青海省,贵南,2024-01-12,-9.5
甘肃省,碌曲,2024-01-12,-9.5
新疆维吾尔自治区,博湖,2024-01-12,-9.4
内蒙古自治区,巴林左旗,2024-01-12,-9.4
西藏自治区,定结,2024-01-12,-9.4
内蒙古自治区,正蓝旗,2024-01-12,-9.3
内蒙古自治区,包头,2024-01-12,-9.3
四川省,壤塘,2024-01-12,-9.3
内蒙古自治区,开鲁,2024-01-12,-9.2
新疆维吾尔自治区,天池,2024-01-12,-9.2
辽宁省,凤城,2024-01-12,-9.2
辽宁省,凌源,2024-01-12,-9.2
辽宁省,铁岭,2024-01-12,-9.2
河北省,承德县,2024-01-12,-9.1
青海省,天峻,2024-01-12,-9.1
吉林省,和龙,2024-01-12,-9.0
吉林省,集安,2024-01-12,-8.9
甘肃省,玛曲,2024-01-12,-8.9
西藏自治区,昂仁,2024-01-12,-8.8
甘肃省,合作,2024-01-12,-8.8
西藏自治区,边坝,2024-01-12,-8.8
内蒙古自治区,宝国图,2024-01-12,-8.7
内蒙古自治区,库伦旗,2024-01-12,-8.6
河北省,丰宁,2024-01-12,-8.6
四川省,阿坝,2024-01-12,-8.6
吉林省,通化,2024-01-12,-8.6
辽宁省,灯塔,2024-01-12,-8.6
内蒙古自治区,青龙山,2024-01-12,-8.6
青海省,同德,2024-01-12,-8.6
河北省,崇礼,2024-01-12,-8.6
辽宁省,阜新,2024-01-12,-8.5
甘肃省,夏河,2024-01-12,-8.5
青海省,格尔木,2024-01-12,-8.5
河北省,赤城,2024-01-12,-8.4
西藏自治区,康马,2024-01-12,-8.4
西藏自治区,定日,2024-01-12,-8.4
甘肃省,临洮,2024-01-12,-8.3
新疆维吾尔自治区,富蕴,2024-01-12,-8.3
山西省,广灵,2024-01-12,-8.3
内蒙古自治区,达拉特旗,2024-01-12,-8.3
青海省,大通,2024-01-12,-8.3
西藏自治区,林周,2024-01-12,-8.2
新疆维吾尔自治区,焉耆,2024-01-12,-8.2
西藏自治区,珠峰大本营,2024-01-12,-8.1
内蒙古自治区,丰镇,2024-01-12,-8.0
内蒙古自治区,宁城,2024-01-12,-8.0
西藏自治区,左贡,2024-01-12,-8.0
辽宁省,彰武,2024-01-12,-8.0
辽宁省,本溪县,2024-01-12,-8.0
新疆维吾尔自治区,阿勒泰,2024-01-12,-8.0
新疆维吾尔自治区,莫索湾,2024-01-12,-8.0
西藏自治区,丁青,2024-01-12,-8.0
河北省,滦平,2024-01-12,-7.9
内蒙古自治区,土默特左旗,2024-01-12,-7.8
新疆维吾尔自治区,托里,2024-01-12,-7.8
青海省,囊谦,2024-01-12,-7.8
辽宁省,沈阳,2024-01-12,-7.7
内蒙古自治区,赛罕区,2024-01-12,-7.6
内蒙古自治区,呼和浩特,2024-01-12,-7.6
内蒙古自治区,翁牛特旗,2024-01-12,-7.6
西藏自治区,帕里,2024-01-12,-7.6
西藏自治区,错那,2024-01-12,-7.6
青海省,共和,2024-01-12,-7.6
西藏自治区,札达,2024-01-12,-7.6
新疆维吾尔自治区,和硕,2024-01-12,-7.5
内蒙古自治区,土默特右旗,2024-01-12,-7.5
内蒙古自治区,奈曼旗,2024-01-12,-7.4
新疆维吾尔自治区,塔中,2024-01-12,-7.4
西藏自治区,贡觉,2024-01-12,-7.4
西藏自治区,浪卡子,2024-01-12,-7.4
甘肃省,皋兰,2024-01-12,-7.4
内蒙古自治区,镶黄旗,2024-01-12,-7.4
吉林省,延吉,2024-01-12,-7.3
四川省,理塘,2024-01-12,-7.3
山西省,定襄,2024-01-12,-7.3
青海省,德令哈,2024-01-12,-7.2
山西省,五台,2024-01-12,-7.2
新疆维吾尔自治区,福海,2024-01-12,-7.2
内蒙古自治区,和林格尔,2024-01-12,-7.2
内蒙古自治区,赤峰,2024-01-12,-7.2
新疆维吾尔自治区,哈巴河,2024-01-12,-7.1
吉林省,珲春,2024-01-12,-7.1
山西省,浑源,2024-01-12,-7.1
辽宁省,新民,2024-01-12,-7.1
西藏自治区,江孜,2024-01-12,-7.1
新疆维吾尔自治区,拜城,2024-01-12,-7.0
河北省,宣化,2024-01-12,-7.0
新疆维吾尔自治区,和静,2024-01-12,-7.0
西藏自治区,洛隆,2024-01-12,-6.9
山西省,云州区,2024-01-12,-6.9
河北省,平泉,2024-01-12,-6.9
四川省,德格,2024-01-12,-6.9
新疆维吾尔自治区,青河,2024-01-12,-6.9
新疆维吾尔自治区,裕民,2024-01-12,-6.9
河北省,承德,2024-01-12,-6.9
新疆维吾尔自治区,蔡家湖,2024-01-12,-6.8
西藏自治区,芒康,2024-01-12,-6.8
吉林省,龙井,2024-01-12,-6.8
新疆维吾尔自治区,哈密,2024-01-12,-6.7
辽宁省,本溪,2024-01-12,-6.7
新疆维吾尔自治区,吉木萨尔,2024-01-12,-6.7
山西省,大同,2024-01-12,-6.7
西藏自治区,吉隆,2024-01-12,-6.7
新疆维吾尔自治区,小渠子,2024-01-12,-6.7
西藏自治区,日喀则,2024-01-12,-6.6
吉林省,图们,2024-01-12,-6.6
内蒙古自治区,兴和,2024-01-12,-6.6
甘肃省,卓尼,2024-01-12,-6.6
西藏自治区,尼木,2024-01-12,-6.6
内蒙古自治区,希拉穆仁,2024-01-12,-6.6
新疆维吾尔自治区,奇台,2024-01-12,-6.5
内蒙古自治区,五原,2024-01-12,-6.5
甘肃省,临潭,2024-01-12,-6.5
四川省,甘孜,2024-01-12,-6.5
内蒙古自治区,白云鄂博,2024-01-12,-6.4
西藏自治区,萨迦,2024-01-12,-6.4
内蒙古自治区,乌拉特中旗,2024-01-12,-6.4
内蒙古自治区,八里罕,2024-01-12,-6.4
西藏自治区,岗巴,2024-01-12,-6.4
辽宁省,黑山,2024-01-12,-6.4
新疆维吾尔自治区,和布克赛尔,2024-01-12,-6.4
新疆维吾尔自治区,西白杨沟,2024-01-12,-6.4
新疆维吾尔自治区,炮台,2024-01-12,-6.4
辽宁省,台安,2024-01-12,-6.3
辽宁省,兴城,2024-01-12,-6.3
辽宁省,建平,2024-01-12,-6.2
辽宁省,朝阳,2024-01-12,-6.2
新疆维吾尔自治区,克拉玛依,2024-01-12,-6.2
内蒙古自治区,四子王旗,2024-01-12,-6.2
新疆维吾尔自治区,木垒,2024-01-12,-6.2
新疆维吾尔自治区,布尔津,2024-01-12,-6.1
内蒙古自治区,达尔罕茂明安联合旗,2024-01-12,-6.1
内蒙古自治区,固阳,2024-01-12,-6.1
西藏自治区,白朗,2024-01-12,-6.1
内蒙古自治区,喀喇沁旗,2024-01-12,-6.0
内蒙古自治区,苏尼特右旗,2024-01-12,-6.0
山西省,代县,2024-01-12,-6.0
四川省,若尔盖,2024-01-12,-6.0
内蒙古自治区,商都,2024-01-12,-6.0
四川省,炉霍,2024-01-12,-6.0
内蒙古自治区,化德,2024-01-12,-6.0
内蒙古自治区,武川,2024-01-12,-6.0
新疆维吾尔自治区,玛纳斯,2024-01-12,-6.0
四川省,松潘,2024-01-12,-6.0
内蒙古自治区,察哈尔右翼中旗,2024-01-12,-6.0
青海省,湟源,2024-01-12,-5.9
辽宁省,喀左,2024-01-12,-5.9
山西省,静乐,2024-01-12,-5.9
辽宁省,东港,2024-01-12,-5.9
辽宁省,北票,2024-01-12,-5.9
山西省,左云,2024-01-12,-5.8
新疆维吾尔自治区,呼图壁,2024-01-12,-5.8
内蒙古自治区,拐子湖,2024-01-12,-5.7
内蒙古自治区,集宁,2024-01-12,-5.7
河北省,怀安,2024-01-12,-5.7
新疆维吾尔自治区,鄯善,2024-01-12,-5.6
辽宁省,建昌,2024-01-12,-5.6
辽宁省,盘山,2024-01-12,-5.6
四川省,白玉,2024-01-12,-5.6
内蒙古自治区,杭锦后旗,2024-01-12,-5.6
新疆维吾尔自治区,托克逊,2024-01-12,-5.6
青海省,都兰,2024-01-12,-5.6
辽宁省,海城,2024-01-12,-5.6
西藏自治区,昌都,2024-01-12,-5.6
辽宁省,义县,2024-01-12,-5.5
新疆维吾尔自治区,昌吉,2024-01-12,-5.5
内蒙古自治区,临河,2024-01-12,-5.5
新疆维吾尔自治区,阜康,2024-01-12,-5.5
山西省,娄烦,2024-01-12,-5.5
新疆维吾尔自治区,铁干里克,2024-01-12,-5.5
山西省,偏关,2024-01-12,-5.5
四川省,新龙,2024-01-12,-5.5
河北省,兴隆,2024-01-12,-5.5
山西省,左权,2024-01-12,-5.4
辽宁省,绥中,2024-01-12,-5.4
四川省,道孚,2024-01-12,-5.4
西藏自治区,曲松,2024-01-12,-5.4
内蒙古自治区,乌审召,2024-01-12,-5.4
新疆维吾尔自治区,温泉,2024-01-12,-5.4
新疆维吾尔自治区,米东区,2024-01-12,-5.3
内蒙古自治区,大佘太,2024-01-12,-5.3
辽宁省,辽中,2024-01-12,-5.2
陕西省,吴起,2024-01-12,-5.2
西藏自治区,隆子,2024-01-12,-5.2
新疆维吾尔自治区,塔城,2024-01-12,-5.2
山西省,繁峙,2024-01-12,-5.2
新疆维吾尔自治区,轮台,2024-01-12,-5.2
新疆维吾尔自治区,乌鲁木齐,2024-01-12,-5.2
青海省,互助,2024-01-12,-5.2
新疆维吾尔自治区,石河子,2024-01-12,-5.1
新疆维吾尔自治区,尉犁,2024-01-12,-5.1
河北省,阳原,2024-01-12,-5.1
西藏自治区,普兰,2024-01-12,-5.1
内蒙古自治区,清水河,2024-01-12,-5.0
西藏自治区,仁布,2024-01-12,-5.0
河北省,宽城,2024-01-12,-5.0
山西省,河曲,2024-01-12,-4.8
辽宁省,辽阳,2024-01-12,-4.8
西藏自治区,贡嘎,2024-01-12,-4.8
山西省,灵丘,2024-01-12,-4.8
辽宁省,葫芦岛,2024-01-12,-4.8
辽宁省,营口,2024-01-12,-4.8
甘肃省,通渭,2024-01-12,-4.8
辽宁省,凌海,2024-01-12,-4.8
河北省,张家口,2024-01-12,-4.7
山西省,阳曲,2024-01-12,-4.7
西藏自治区,南木林,2024-01-12,-4.7
新疆维吾尔自治区,库车,2024-01-12,-4.6
新疆维吾尔自治区,吐鲁番,2024-01-12,-4.6
青海省,化隆,2024-01-12,-4.6
山西省,天镇,2024-01-12,-4.6
辽宁省,鲅鱼圈,2024-01-12,-4.6
山西省,忻州,2024-01-12,-4.6
山西省,岢岚,2024-01-12,-4.6
新疆维吾尔自治区,沙湾,2024-01-12,-4.6
北京市,延庆,2024-01-12,-4.6
辽宁省,丹东,2024-01-12,-4.5
陕西省,佳县,2024-01-12,-4.5
辽宁省,北镇,2024-01-12,-4.5
宁夏回族自治区,西吉,2024-01-12,-4.5
河北省,万全,2024-01-12,-4.5
辽宁省,庄河,2024-01-12,-4.5
甘肃省,岷县,2024-01-12,-4.5
宁夏回族自治区,平罗,2024-01-12,-4.5
甘肃省,康乐,2024-01-12,-4.4
陕西省,米脂,2024-01-12,-4.4
内蒙古自治区,康巴什区,2024-01-12,-4.4
内蒙古自治区,朱日和,2024-01-12,-4.4
甘肃省,天祝,2024-01-12,-4.4
西藏自治区,工布江达,2024-01-12,-4.4
西藏自治区,措美,2024-01-12,-4.4
陕西省,延川,2024-01-12,-4.4
新疆维吾尔自治区,博乐,2024-01-12,-4.4
新疆维吾尔自治区,额敏,2024-01-12,-4.3
甘肃省,和政,2024-01-12,-4.3
内蒙古自治区,吉兰太,2024-01-12,-4.3
山西省,保德,2024-01-12,-4.2
西藏自治区,拉孜,2024-01-12,-4.2
西藏自治区,桑日,2024-01-12,-4.2
新疆维吾尔自治区,昭苏,2024-01-12,-4.2
山西省,寿阳,2024-01-12,-4.2
西藏自治区,墨竹工卡,2024-01-12,-4.2
辽宁省,大石桥,2024-01-12,-4.2
山西省,应县,2024-01-12,-4.2
内蒙古自治区,察哈尔右翼后旗,2024-01-12,-4.1
四川省,稻城,2024-01-12,-4.1
陕西省,安塞,2024-01-12,-4.1
甘肃省,广河,2024-01-12,-4.1
内蒙古自治区,乌拉特后旗,2024-01-12,-4.1
山西省,山阴,2024-01-12,-4.0
山西省,朔州,2024-01-12,-4.0
北京市,密云,2024-01-12,-4.0
内蒙古自治区,准格尔旗,2024-01-12,-4.0
内蒙古自治区,雅布赖,2024-01-12,-4.0
内蒙古自治区,满都拉,2024-01-12,-4.0
辽宁省,盘锦,2024-01-12,-4.0
陕西省,延长,2024-01-12,-3.9
新疆维吾尔自治区,新和,2024-01-12,-3.9
河北省,秦皇岛,2024-01-12,-3.9
新疆维吾尔自治区,巴仑台,2024-01-12,-3.9
辽宁省,辽阳县,2024-01-12,-3.9
河北省,青龙,2024-01-12,-3.9
西藏自治区,琼结,2024-01-12,-3.8
陕西省,甘泉,2024-01-12,-3.8
新疆维吾尔自治区,若羌,2024-01-12,-3.8
新疆维吾尔自治区,塔什库尔干,2024-01-12,-3.8
北京市,平谷,2024-01-12,-3.8
甘肃省,迭部,2024-01-12,-3.8
山西省,沁源,2024-01-12,-3.8
山西省,岚县,2024-01-12,-3.8
内蒙古自治区,额济纳旗,2024-01-12,-3.7
四川省,马尔康,2024-01-12,-3.7
甘肃省,临夏,2024-01-12,-3.7
辽宁省,锦州,2024-01-12,-3.7
山西省,怀仁,2024-01-12,-3.7
甘肃省,会宁,2024-01-12,-3.6
内蒙古自治区,河南,2024-01-12,-3.6
内蒙古自治区,乌拉特前旗,2024-01-12,-3.6
陕西省,绥德,2024-01-12,-3.6
河北省,涿鹿,2024-01-12,-3.6
新疆维吾尔自治区,巴里坤,2024-01-12,-3.6
西藏自治区,谢通门,2024-01-12,-3.6
山西省,五台山,2024-01-12,-3.6
内蒙古自治区,巴彦诺日公,2024-01-12,-3.6
山西省,原平,2024-01-12,-3.6
内蒙古自治区,鄂托克旗,2024-01-12,-3.6
辽宁省,普兰店,2024-01-12,-3.6
山西省,小店,2024-01-12,-3.5
山西省,太原,2024-01-12,-3.5
西藏自治区,曲水,2024-01-12,-3.5
宁夏回族自治区,陶乐,2024-01-12,-3.5
宁夏回族自治区,中卫,2024-01-12,-3.5
陕西省,志丹,2024-01-12,-3.4
宁夏回族自治区,灵武,2024-01-12,-3.4
新疆维吾尔自治区,阿拉尔,2024-01-12,-3.4
宁夏回族自治区,石嘴山,2024-01-12,-3.4
陕西省,富县,2024-01-12,-3.4
甘肃省,榆中,2024-01-12,-3.4
陕西省,神木,2024-01-12,-3.4
新疆维吾尔自治区,精河,2024-01-12,-3.4
宁夏回族自治区,惠农,2024-01-12,-3.4
新疆维吾尔自治区,岳普湖,2024-01-12,-3.4
陕西省,吴堡,2024-01-12,-3.3
河北省,容城,2024-01-12,-3.3
山东省,庆云,2024-01-12,-3.3
陕西省,子洲,2024-01-12,-3.3
新疆维吾尔自治区,达坂城,2024-01-12,-3.2
新疆维吾尔自治区,乌什,2024-01-12,-3.2
新疆维吾尔自治区,乌苏,2024-01-12,-3.2
西藏自治区,泽当,2024-01-12,-3.2
陕西省,府谷,2024-01-12,-3.2
河北省,海兴,2024-01-12,-3.2
甘肃省,靖远,2024-01-12,-3.2
河北省,玉田,2024-01-12,-3.2
新疆维吾尔自治区,库尔勒,2024-01-12,-3.1
西藏自治区,扎囊,2024-01-12,-3.1
河北省,固安,2024-01-12,-3.1
青海省,贵德,2024-01-12,-3.1
陕西省,清涧,2024-01-12,-3.1
天津市,蓟州,2024-01-12,-3.1
河北省,霸州,2024-01-12,-3.1
新疆维吾尔自治区,巴楚,2024-01-12,-3.0
山西省,尖草坪,2024-01-12,-3.0
河北省,黄骅,2024-01-12,-3.0
青海省,同仁,2024-01-12,-3.0
山西省,榆社,2024-01-12,-3.0
甘肃省,灵台,2024-01-12,-3.0
甘肃省,庆城,2024-01-12,-3.0
山西省,方山,2024-01-12,-3.0
新疆维吾尔自治区,阿拉山口,2024-01-12,-3.0
河北省,保定,2024-01-12,-3.0
甘肃省,静宁,2024-01-12,-3.0
山东省,惠民,2024-01-12,-2.9
山西省,五寨,2024-01-12,-2.9
内蒙古自治区,乌海,2024-01-12,-2.9
辽宁省,盖州,2024-01-12,-2.9
天津市,北辰,2024-01-12,-2.9
河北省,香河,2024-01-12,-2.9
新疆维吾尔自治区,伽师,2024-01-12,-2.9
北京市,大兴,2024-01-12,-2.9
河北省,迁安,2024-01-12,-2.8
天津市,宝坻,2024-01-12,-2.8
西藏自治区,达孜,2024-01-12,-2.8
河北省,涞源,2024-01-12,-2.8
新疆维吾尔自治区,沙雅,2024-01-12,-2.8
河北省,永清,2024-01-12,-2.8
甘肃省,敦煌,2024-01-12,-2.8
山西省,阳高,2024-01-12,-2.7
辽宁省,鞍山,2024-01-12,-2.7
甘肃省,环县,2024-01-12,-2.7
宁夏回族自治区,贺兰,2024-01-12,-2.7
河北省,迁西,2024-01-12,-2.7
宁夏回族自治区,彭阳,2024-01-12,-2.7
甘肃省,清水,2024-01-12,-2.7
山西省,大宁,2024-01-12,-2.7
云南省,香格里拉,2024-01-12,-2.6
山东省,滨州,2024-01-12,-2.6
河北省,安新,2024-01-12,-2.6
河北省,孟村,2024-01-12,-2.6
甘肃省,兰州,2024-01-12,-2.6
河北省,易县,2024-01-12,-2.6
河北省,文安,2024-01-12,-2.6
陕西省,横山,2024-01-12,-2.5
甘肃省,永靖,2024-01-12,-2.5
北京市,怀柔,2024-01-12,-2.5
河北省,徐水,2024-01-12,-2.5
山东省,阳信,2024-01-12,-2.5
河北省,高碑店,2024-01-12,-2.5
新疆维吾尔自治区,且末,2024-01-12,-2.4
山西省,古交,2024-01-12,-2.4
西藏自治区,察雅,2024-01-12,-2.4
河北省,大厂,2024-01-12,-2.4
河北省,怀来,2024-01-12,-2.4
甘肃省,甘谷,2024-01-12,-2.4
甘肃省,泾川,2024-01-12,-2.4
山西省,神池,2024-01-12,-2.3
北京市,通州,2024-01-12,-2.3
青海省,湟中,2024-01-12,-2.3
青海省,尖扎,2024-01-12,-2.2
河北省,盐山,2024-01-12,-2.2
河北省,涿州,2024-01-12,-2.2
宁夏回族自治区,盐池,2024-01-12,-2.2
新疆维吾尔自治区,尼勒克,2024-01-12,-2.2
山东省,沾化,2024-01-12,-2.2
河北省,遵化,2024-01-12,-2.2
河北省,沧州,2024-01-12,-2.1
河北省,高阳,2024-01-12,-2.1
新疆维吾尔自治区,伊吾,2024-01-12,-2.1
山东省,无棣,2024-01-12,-2.1
河北省,抚宁,2024-01-12,-2.1
河北省,曲阳,2024-01-12,-2.1
河北省,昌黎,2024-01-12,-2.1
山西省,交城,2024-01-12,-2.0
甘肃省,礼县,2024-01-12,-2.0
西藏自治区,堆龙德庆,2024-01-12,-2.0
北京市,房山,2024-01-12,-2.0
河北省,肃宁,2024-01-12,-2.0
西藏自治区,洛扎,2024-01-12,-2.0
河北省,雄县,2024-01-12,-2.0
宁夏回族自治区,银川,2024-01-12,-2.0
新疆维吾尔自治区,温宿,2024-01-12,-2.0
宁夏回族自治区,永宁,2024-01-12,-2.0
河北省,三河,2024-01-12,-2.0
山西省,襄垣,2024-01-12,-2.0
山东省,河口,2024-01-12,-1.9
山东省,乐陵,2024-01-12,-1.9
辽宁省,瓦房店,2024-01-12,-1.8
甘肃省,白银,2024-01-12,-1.8
天津市,武清,2024-01-12,-1.8
青海省,西宁,2024-01-12,-1.8
内蒙古自治区,杭锦旗,2024-01-12,-1.8
甘肃省,秦安,2024-01-12,-1.8
甘肃省,金塔,2024-01-12,-1.8
甘肃省,瓜州,2024-01-12,-1.8
内蒙古自治区,磴口,2024-01-12,-1.8
宁夏回族自治区,青铜峡,2024-01-12,-1.8
甘肃省,陇西,2024-01-12,-1.8
云南省,德钦,2024-01-12,-1.8
四川省,雅江,2024-01-12,-1.8
河北省,卢龙,2024-01-12,-1.7
山西省,平鲁,2024-01-12,-1.7
内蒙古自治区,海力素,2024-01-12,-1.7
河北省,廊坊,2024-01-12,-1.7
山西省,清徐,2024-01-12,-1.7
陕西省,黄陵,2024-01-12,-1.7
河北省,饶阳,2024-01-12,-1.7
甘肃省,肃南,2024-01-12,-1.7
天津市,津南,2024-01-12,-1.7
河北省,滦州,2024-01-12,-1.6
河北省,望都,2024-01-12,-1.6
山西省,汾阳,2024-01-12,-1.6
西藏自治区,拉萨,2024-01-12,-1.6
陕西省,子长,2024-01-12,-1.6
甘肃省,安定,2024-01-12,-1.6
青海省,循化,2024-01-12,-1.6
西藏自治区,加查,2024-01-12,-1.6
甘肃省,麦积,2024-01-12,-1.6
新疆维吾尔自治区,阿克苏,2024-01-12,-1.6
北京市,北京,2024-01-12,-1.6
山西省,文水,2024-01-12,-1.6
山西省,太谷,2024-01-12,-1.5
山东省,利津,2024-01-12,-1.5
河北省,定州,2024-01-12,-1.5
新疆维吾尔自治区,阿瓦提,2024-01-12,-1.5
河北省,安国,2024-01-12,-1.4
新疆维吾尔自治区,柯坪,2024-01-12,-1.4
甘肃省,玉门,2024-01-12,-1.4
西藏自治区,波密,2024-01-12,-1.4
北京市,顺义,2024-01-12,-1.4
河北省,大城,2024-01-12,-1.4
山东省,博兴,2024-01-12,-1.4
河北省,顺平,2024-01-12,-1.4
河北省,青县,2024-01-12,-1.4
内蒙古自治区,伊和乌素,2024-01-12,-1.4
河北省,唐县,2024-01-12,-1.4
河北省,清河,2024-01-12,-1.4
西藏自治区,朗县,2024-01-12,-1.3
新疆维吾尔自治区,阿克陶,2024-01-12,-1.3
北京市,丰台,2024-01-12,-1.3
天津市,滨海新区,2024-01-12,-1.3
河北省,无极,2024-01-12,-1.3
河北省,任丘,2024-01-12,-1.3
甘肃省,华池,2024-01-12,-1.3
内蒙古自治区,伊金霍洛旗,2024-01-12,-1.3
天津市,西青,2024-01-12,-1.2
河北省,河间,2024-01-12,-1.2
河北省,深泽,2024-01-12,-1.2
河北省,献县,2024-01-12,-1.2
甘肃省,庄浪,2024-01-12,-1.2
山西省,和顺,2024-01-12,-1.2
甘肃省,漳县,2024-01-12,-1.2
内蒙古自治区,孪井滩,2024-01-12,-1.2
河北省,安平,2024-01-12,-1.2
河北省,丰润,2024-01-12,-1.2
山西省,蒲县,2024-01-12,-1.2
内蒙古自治区,阿拉善右旗,2024-01-12,-1.1
河北省,武强,2024-01-12,-1.1
山西省,中阳,2024-01-12,-1.1
甘肃省,永登,2024-01-12,-1.1
北京市,昌平,2024-01-12,-1.1
山西省,夏县,2024-01-12,-1.1
河北省,新乐,2024-01-12,-1.1
山西省,吕梁,2024-01-12,-1.1
陕西省,榆林,2024-01-12,-1.1
天津市,汉沽,2024-01-12,-1.0
河北省,蠡县,2024-01-12,-1.0
甘肃省,永昌,2024-01-12,-1.0
新疆维吾尔自治区,特克斯,2024-01-12,-1.0
甘肃省,张家川,2024-01-12,-1.0
甘肃省,华亭,2024-01-12,-1.0
河北省,辛集,2024-01-12,-1.0
河北省,灵寿,2024-01-12,-1.0
河北省,新河,2024-01-12,-1.0
新疆维吾尔自治区,伊宁县,2024-01-12,-1.0
山西省,宁武,2024-01-12,-1.0
北京市,海淀,2024-01-12,-0.9
新疆维吾尔自治区,墨玉,2024-01-12,-0.9
陕西省,延安,2024-01-12,-0.9
河北省,南宫,2024-01-12,-0.9
北京市,朝阳,2024-01-12,-0.8
山西省,吉县,2024-01-12,-0.8
河北省,广宗,2024-01-12,-0.8
山西省,隰县,2024-01-12,-0.8
河北省,满城,2024-01-12,-0.8
天津市,宁河,2024-01-12,-0.8
四川省,小金,2024-01-12,-0.8
北京市,石景山,2024-01-12,-0.8
内蒙古自治区,东胜,2024-01-12,-0.8
河北省,隆尧,2024-01-12,-0.8
山西省,祁县,2024-01-12,-0.8
甘肃省,武山,2024-01-12,-0.8
河北省,高邑,2024-01-12,-0.7
北京市,门头沟,2024-01-12,-0.7
四川省,黑水,2024-01-12,-0.7
甘肃省,天水,2024-01-12,-0.7
山西省,灵石,2024-01-12,-0.7
山东省,垦利,2024-01-12,-0.6
山西省,兴县,2024-01-12,-0.6
山西省,沁县,2024-01-12,-0.6
陕西省,宜川,2024-01-12,-0.6
山西省,孝义,2024-01-12,-0.6
甘肃省,合水,2024-01-12,-0.6
河北省,丰南,2024-01-12,-0.6
甘肃省,渭源,2024-01-12,-0.6
山西省,永和,2024-01-12,-0.6
新疆维吾尔自治区,伊宁市,2024-01-12,-0.6
甘肃省,宕昌,2024-01-12,-0.6
新疆维吾尔自治区,于田,2024-01-12,-0.6
山东省,宁津,2024-01-12,-0.6
河北省,唐山,2024-01-12,-0.6
河北省,巨鹿,2024-01-12,-0.5
河北省,藁城,2024-01-12,-0.5
新疆维吾尔自治区,民丰,2024-01-12,-0.5
辽宁省,长海,2024-01-12,-0.5
河北省,阜城,2024-01-12,-0.5
天津市,东丽,2024-01-12,-0.5
新疆维吾尔自治区,新源,2024-01-12,-0.5
山西省,屯留,2024-01-12,-0.5
宁夏回族自治区,中宁,2024-01-12,-0.5
内蒙古自治区,鄂托克前旗,2024-01-12,-0.4
山西省,柳林,2024-01-12,-0.4
河北省,威县,2024-01-12,-0.4
宁夏回族自治区,吴忠,2024-01-12,-0.4
山西省,晋中,2024-01-12,-0.4
河北省,行唐,2024-01-12,-0.4
新疆维吾尔自治区,霍尔果斯,2024-01-12,-0.4
山西省,古县,2024-01-12,-0.3
山东省,高青,2024-01-12,-0.3
河北省,阜平,2024-01-12,-0.3
河北省,曹妃甸,2024-01-12,-0.3
甘肃省,金昌,2024-01-12,-0.3
河北省,赵县,2024-01-12,-0.3
西藏自治区,聂拉木,2024-01-12,-0.3
青海省,平安,2024-01-12,-0.2
新疆维吾尔自治区,霍城,2024-01-12,-0.2
河北省,曲周,2024-01-12,-0.2
河北省,元氏,2024-01-12,-0.2
新疆维吾尔自治区,麦盖提,2024-01-12,-0.2
山西省,平遥,2024-01-12,-0.2
山西省,侯马,2024-01-12,-0.2
河北省,冀州,2024-01-12,-0.2
甘肃省,西和,2024-01-12,-0.2
新疆维吾尔自治区,巩留,2024-01-12,-0.2
新疆维吾尔自治区,皮山,2024-01-12,-0.2
河北省,内丘,2024-01-12,-0.1
河北省,南皮,2024-01-12,-0.1
山东省,广饶,2024-01-12,-0.1
河北省,宁晋,2024-01-12,-0.1
河北省,武邑,2024-01-12,-0.1
山东省,武城,2024-01-12,-0.1
河北省,沙河,2024-01-12,-0.1
河北省,大名,2024-01-12,-0.1
河北省,泊头,2024-01-12,-0.0
山东省,东营,2024-01-12,-0.0
山西省,霍州,2024-01-12,-0.0
河北省,平山,2024-01-12,-0.0
山西省,洪洞,2024-01-12,-0.0
河北省,吴桥,2024-01-12,0.0
陕西省,蒲城,2024-01-12,0.0
青海省,乐都,2024-01-12,0.0
甘肃省,张掖,2024-01-12,0.0
河北省,临西,2024-01-12,0.1
西藏自治区,八宿,2024-01-12,0.1
宁夏回族自治区,隆德,2024-01-12,0.1
天津市,静海,2024-01-12,0.1
山西省,介休,2024-01-12,0.1
河北省,任泽,2024-01-12,0.1
河北省,柏乡,2024-01-12,0.1
河北省,滦南,2024-01-12,0.1
内蒙古自治区,乌斯太,2024-01-12,0.1
新疆维吾尔自治区,喀什,2024-01-12,0.2
新疆维吾尔自治区,察布查尔,2024-01-12,0.2
内蒙古自治区,乌审旗,2024-01-12,0.2
新疆维吾尔自治区,洛浦,2024-01-12,0.2
山东省,莱西,2024-01-12,0.2
山东省,淄博,2024-01-12,0.2
甘肃省,崇信,2024-01-12,0.2
山东省,安丘,2024-01-12,0.2
山西省,长子,2024-01-12,0.2
陕西省,洛川,2024-01-12,0.2
新疆维吾尔自治区,莎车,2024-01-12,0.2
山西省,襄汾,2024-01-12,0.2
新疆维吾尔自治区,策勒,2024-01-12,0.2
河北省,曹妃甸工业区,2024-01-12,0.3
山东省,寿光,2024-01-12,0.3
山东省,桓台,2024-01-12,0.3
山东省,商河,2024-01-12,0.3
河北省,晋州,2024-01-12,0.3
辽宁省,旅顺,2024-01-12,0.3
甘肃省,宁县,2024-01-12,0.4
山西省,曲沃,2024-01-12,0.4
河北省,邱县,2024-01-12,0.4
山东省,莱阳,2024-01-12,0.4
河北省,馆陶,2024-01-12,0.4
陕西省,凤县,2024-01-12,0.4
陕西省,千阳,2024-01-12,0.4
山西省,武乡,2024-01-12,0.4
山东省,德州,2024-01-12,0.4
山西省,石楼,2024-01-12,0.4
山西省,安泽,2024-01-12,0.4
山东省,济阳,2024-01-12,0.4
河北省,深州,2024-01-12,0.4
四川省,金川,2024-01-12,0.4
陕西省,合阳,2024-01-12,0.5
辽宁省,金州,2024-01-12,0.5
西藏自治区,米林,2024-01-12,0.5
河北省,乐亭,2024-01-12,0.5
山东省,陵城,2024-01-12,0.5
山西省,万荣,2024-01-12,0.5
河北省,平乡,2024-01-12,0.5
陕西省,彬州,2024-01-12,0.6
山西省,临县,2024-01-12,0.6
新疆维吾尔自治区,英吉沙,2024-01-12,0.6
天津市,大港,2024-01-12,0.6
陕西省,华州,2024-01-12,0.6
山东省,临清,2024-01-12,0.6
陕西省,大荔,2024-01-12,0.6
山东省,高唐,2024-01-12,0.6
陕西省,富平,2024-01-12,0.6
西藏自治区,林芝,2024-01-12,0.6
山东省,周村,2024-01-12,0.6
陕西省,华阴,2024-01-12,0.6
甘肃省,两当,2024-01-12,0.6
陕西省,高陵,2024-01-12,0.6
山东省,平原,2024-01-12,0.7
河北省,临城,2024-01-12,0.7
甘肃省,成县,2024-01-12,0.7
甘肃省,民乐,2024-01-12,0.7
宁夏回族自治区,同心,2024-01-12,0.7
河北省,广平,2024-01-12,0.7
河北省,南和,2024-01-12,0.8
山东省,乳山,2024-01-12,0.8
新疆维吾尔自治区,泽普,2024-01-12,0.8
山东省,东阿,2024-01-12,0.8
山东省,汶上,2024-01-12,0.8
山西省,稷山,2024-01-12,0.8
河北省,景县,2024-01-12,0.8
河北省,鸡泽,2024-01-12,0.8
陕西省,长武,2024-01-12,0.8
陕西省,淳化,2024-01-12,0.8
陕西省,麟游,2024-01-12,0.9
河北省,井陉,2024-01-12,0.9
山东省,莘县,2024-01-12,0.9
甘肃省,民勤,2024-01-12,0.9
河北省,枣强,2024-01-12,0.9
山东省,冠县,2024-01-12,0.9
山东省,禹城,2024-01-12,0.9
山东省,福山,2024-01-12,1.0
辽宁省,大连,2024-01-12,1.0
河北省,栾城,2024-01-12,1.0
新疆维吾尔自治区,阿图什,2024-01-12,1.0
新疆维吾尔自治区,阿合奇,2024-01-12,1.0
河南省,台前,2024-01-12,1.0
山东省,阳谷,2024-01-12,1.0
山东省,夏津,2024-01-12,1.1
山西省,黎城,2024-01-12,1.1
陕西省,蓝田,2024-01-12,1.1
山西省,临汾,2024-01-12,1.1
山东省,临淄,2024-01-12,1.1
河北省,故城,2024-01-12,1.1
甘肃省,徽县,2024-01-12,1.1
山东省,栖霞,2024-01-12,1.1
山西省,盂县,2024-01-12,1.2
新疆维吾尔自治区,和田,2024-01-12,1.2
河北省,东光,2024-01-12,1.2
河南省,南乐,2024-01-12,1.2
河南省,清丰,2024-01-12,1.2
陕西省,长安,2024-01-12,1.2
山西省,阳城,2024-01-12,1.2
山西省,翼城,2024-01-12,1.2
青海省,民和,2024-01-12,1.2
山西省,新绛,2024-01-12,1.2
甘肃省,高台,2024-01-12,1.2
河北省,成安,2024-01-12,1.2
山东省,潍坊,2024-01-12,1.2
山东省,黄岛,2024-01-12,1.2
河北省,石家庄,2024-01-12,1.3
陕西省,定边,2024-01-12,1.3
山东省,青州,2024-01-12,1.3
山东省,诸城,2024-01-12,1.3
山西省,永济,2024-01-12,1.3
陕西省,泾阳,2024-01-12,1.3
陕西省,周至,2024-01-12,1.4
河南省,范县,2024-01-12,1.4
山西省,芮城,2024-01-12,1.4
甘肃省,康县,2024-01-12,1.4
天津市,天津,2024-01-12,1.4
山东省,嘉祥,2024-01-12,1.4
陕西省,太白,2024-01-12,1.4
山东省,齐河,2024-01-12,1.4
山东省,龙口,2024-01-12,1.4
陕西省,陇县,2024-01-12,1.4
山西省,沁水,2024-01-12,1.4
河北省,正定,2024-01-12,1.4
山东省,临邑,2024-01-12,1.5
甘肃省,山丹,2024-01-12,1.5
山西省,运城,2024-01-12,1.5
四川省,巴塘,2024-01-12,1.5
陕西省,白水,2024-01-12,1.6
新疆维吾尔自治区,叶城,2024-01-12,1.6
山西省,阳泉,2024-01-12,1.6
四川省,乡城,2024-01-12,1.6
陕西省,临潼,2024-01-12,1.6
陕西省,乾县,2024-01-12,1.6
山东省,海阳,2024-01-12,1.6
陕西省,鄠邑,2024-01-12,1.6
山东省,茌平,2024-01-12,1.6
河北省,临漳,2024-01-12,1.6
陕西省,澄城,2024-01-12,1.7
甘肃省,酒泉,2024-01-12,1.7
山东省,肥城,2024-01-12,1.7
陕西省,韩城,2024-01-12,1.7
河北省,赞皇,2024-01-12,1.7
河北省,魏县,2024-01-12,1.7
山东省,牟平,2024-01-12,1.8
山东省,昌乐,2024-01-12,1.8
山西省,闻喜,2024-01-12,1.8
陕西省,礼泉,2024-01-12,1.8
河北省,邢台,2024-01-12,1.8
山东省,泰安,2024-01-12,1.8
河北省,邯郸,2024-01-12,1.8
山东省,昌邑,2024-01-12,1.8
四川省,峨眉山,2024-01-12,1.9
山东省,招远,2024-01-12,1.9
山东省,宁阳,2024-01-12,1.9
山西省,交口,2024-01-12,1.9
山东省,巨野,2024-01-12,1.9
河北省,衡水,2024-01-12,1.9
陕西省,杨凌,2024-01-12,1.9
山东省,文登,2024-01-12,1.9
山东省,平度,2024-01-12,1.9
山东省,东平,2024-01-12,2.0
河北省,肥乡,2024-01-12,2.0
陕西省,黄龙,2024-01-12,2.0
山东省,梁山,2024-01-12,2.0
山东省,台儿庄,2024-01-12,2.0
山东省,沂南,2024-01-12,2.0
山西省,平顺,2024-01-12,2.1
山东省,蓬莱,2024-01-12,2.1
山东省,鄄城,2024-01-12,2.1
陕西省,兴平,2024-01-12,2.1
山东省,即墨,2024-01-12,2.1
甘肃省,景泰,2024-01-12,2.1
河南省,伊川,2024-01-12,2.1
河南省,辉县,2024-01-12,2.1
四川省,布拖,2024-01-12,2.2
陕西省,旬邑,2024-01-12,2.2
山东省,沂源,2024-01-12,2.2
四川省,丹巴,2024-01-12,2.2
山东省,邹平,2024-01-12,2.2
山东省,莒县,2024-01-12,2.2
山西省,临猗,2024-01-12,2.2
陕西省,扶风,2024-01-12,2.2
山东省,聊城,2024-01-12,2.2
陕西省,渭南,2024-01-12,2.2
四川省,理县,2024-01-12,2.2
山东省,沂水,2024-01-12,2.3
陕西省,岐山,2024-01-12,2.3
江苏省,赣榆,2024-01-12,2.3
甘肃省,东乡,2024-01-12,2.3
江苏省,东海,2024-01-12,2.3
山西省,平定,2024-01-12,2.3
河南省,睢县,2024-01-12,2.3
河南省,修武,2024-01-12,2.4
陕西省,眉县,2024-01-12,2.4
山东省,五莲,2024-01-12,2.4
山东省,荣成,2024-01-12,2.4
新疆维吾尔自治区,乌恰,2024-01-12,2.4
陕西省,铜川,2024-01-12,2.4
山东省,胶州,2024-01-12,2.4
山西省,昔阳,2024-01-12,2.4
四川省,康定,2024-01-12,2.4
河北省,永年,2024-01-12,2.4
陕西省,王益,2024-01-12,2.4
河南省,宁陵,2024-01-12,2.5
山西省,河津,2024-01-12,2.5
陕西省,咸阳,2024-01-12,2.5
山东省,新泰,2024-01-12,2.5
陕西省,洛南,2024-01-12,2.5
河南省,内黄,2024-01-12,2.6
山东省,菏泽,2024-01-12,2.6
河南省,夏邑,2024-01-12,2.6
山西省,潞城,2024-01-12,2.6
陕西省,三原,2024-01-12,2.6
江苏省,丰县,2024-01-12,2.6
山东省,平邑,2024-01-12,2.6
陕西省,留坝,2024-01-12,2.6
山东省,金乡,2024-01-12,2.6
山东省,石岛,2024-01-12,2.6
山东省,泗水,2024-01-12,2.7
山西省,绛县,2024-01-12,2.7
山东省,平阴,2024-01-12,2.7
河北省,武安,2024-01-12,2.7
河南省,商丘,2024-01-12,2.7
河南省,民权,2024-01-12,2.8
山东省,曹县,2024-01-12,2.8
山东省,高密,2024-01-12,2.8
河南省,原阳,2024-01-12,2.8
山东省,枣庄,2024-01-12,2.8
山东省,莱州,2024-01-12,2.8
山东省,临朐,2024-01-12,2.8
河北省,磁县,2024-01-12,2.8
山东省,长清,2024-01-12,2.8
河南省,鄢陵,2024-01-12,2.8
山东省,莒南,2024-01-12,2.9
甘肃省,临泽,2024-01-12,2.9
河南省,长垣,2024-01-12,2.9
河南省,虞城,2024-01-12,3.0
山东省,济宁,2024-01-12,3.0
河南省,兰考,2024-01-12,3.0
江苏省,邳州,2024-01-12,3.0
陕西省,陈仓,2024-01-12,3.0
云南省,宁蒗,2024-01-12,3.0
河南省,濮阳,2024-01-12,3.0
甘肃省,肃北,2024-01-12,3.0
山东省,博山,2024-01-12,3.0
山东省,临沭,2024-01-12,3.0
江苏省,新沂,2024-01-12,3.1
江苏省,沛县,2024-01-12,3.1
山东省,兰陵,2024-01-12,3.1
山东省,崂山,2024-01-12,3.1
陕西省,凤翔,2024-01-12,3.2
陕西省,柞水,2024-01-12,3.2
江苏省,洪泽,2024-01-12,3.2
甘肃省,古浪,2024-01-12,3.2
河南省,浚县,2024-01-12,3.2
河北省,峰峰,2024-01-12,3.2
河南省,滑县,2024-01-12,3.2
山西省,陵川,2024-01-12,3.2
山东省,定陶,2024-01-12,3.2
山东省,兖州,2024-01-12,3.2
四川省,九龙,2024-01-12,3.3
陕西省,宝鸡,2024-01-12,3.3
山东省,单县,2024-01-12,3.3
山东省,烟台,2024-01-12,3.3
江苏省,连云港,2024-01-12,3.3
江苏省,射阳,2024-01-12,3.3
河南省,汤阴,2024-01-12,3.3
河南省,安阳,2024-01-12,3.3
陕西省,宁陕,2024-01-12,3.3
河北省,涉县,2024-01-12,3.4
山东省,曲阜,2024-01-12,3.4
山西省,垣曲,2024-01-12,3.4
湖北省,竹溪,2024-01-12,3.4
安徽省,砀山,2024-01-12,3.4
陕西省,永寿,2024-01-12,3.4
河南省,武陟,2024-01-12,3.4
山东省,青岛,2024-01-12,3.4
山东省,郓城,2024-01-12,3.4
河南省,获嘉,2024-01-12,3.4
山东省,莱芜,2024-01-12,3.4
甘肃省,武威,2024-01-12,3.5
河南省,柘城,2024-01-12,3.5
山东省,微山,2024-01-12,3.5
江苏省,徐州,2024-01-12,3.5
河南省,许昌,2024-01-12,3.5
甘肃省,嘉峪关,2024-01-12,3.5
山东省,成山头,2024-01-12,3.6
山东省,鱼台,2024-01-12,3.6
安徽省,黄山风景区,2024-01-12,3.7
河南省,杞县,2024-01-12,3.7
山东省,济南,2024-01-12,3.7
河南省,林州,2024-01-12,3.7
江苏省,响水,2024-01-12,3.8
河南省,鹤壁,2024-01-12,3.8
山东省,长岛,2024-01-12,3.8
内蒙古自治区,阿拉善左旗,2024-01-12,3.8
陕西省,略阳,2024-01-12,3.8
安徽省,萧县,2024-01-12,3.8
河南省,永城,2024-01-12,3.8
甘肃省,崆峒,2024-01-12,3.9
山东省,威海,2024-01-12,3.9
山东省,峄城,2024-01-12,3.9
河南省,商水,2024-01-12,3.9
江苏省,睢宁,2024-01-12,3.9
河南省,淮阳,2024-01-12,3.9
山西省,晋城,2024-01-12,3.9
陕西省,宁强,2024-01-12,3.9
山东省,东明,2024-01-12,3.9
陕西省,洋县,2024-01-12,4.0
山东省,郯城,2024-01-12,4.0
云南省,维西,2024-01-12,4.0
陕西省,西乡,2024-01-12,4.0
河南省,鹿邑,2024-01-12,4.0
河南省,封丘,2024-01-12,4.1
陕西省,城固,2024-01-12,4.1
江苏省,灌云,2024-01-12,4.1
江苏省,盐城,2024-01-12,4.1
河南省,中牟,2024-01-12,4.1
河南省,社旗,2024-01-12,4.1
四川省,盐源,2024-01-12,4.2
山东省,邹城,2024-01-12,4.2
宁夏回族自治区,固原,2024-01-12,4.2
河南省,通许,2024-01-12,4.2
河南省,鲁山,2024-01-12,4.2
宁夏回族自治区,海原,2024-01-12,4.2
江苏省,大丰,2024-01-12,4.2
山东省,滕州,2024-01-12,4.2
江苏省,宿迁,2024-01-12,4.2
宁夏回族自治区,泾源,2024-01-12,4.3
江苏省,滨海,2024-01-12,4.3
安徽省,濉溪,2024-01-12,4.3
河南省,方城,2024-01-12,4.3
河南省,项城,2024-01-12,4.3
山西省,长治,2024-01-12,4.3
云南省,兰坪,2024-01-12,4.3
山东省,淄川,2024-01-12,4.4
河南省,灵宝,2024-01-12,4.4
山东省,临沂,2024-01-12,4.4
甘肃省,西峰,2024-01-12,4.4
山西省,汾西,2024-01-12,4.4
甘肃省,镇原,2024-01-12,4.4
河南省,济源,2024-01-12,4.4
河南省,襄城,2024-01-12,4.4
河南省,长葛,2024-01-12,4.4
陕西省,潼关,2024-01-12,4.4
河南省,卢氏,2024-01-12,4.4
四川省,得荣,2024-01-12,4.4
山东省,蒙阴,2024-01-12,4.4
河南省,扶沟,2024-01-12,4.4
陕西省,西安,2024-01-12,4.4
湖北省,利川,2024-01-12,4.4
河南省,延津,2024-01-12,4.5
江苏省,沭阳,2024-01-12,4.5
陕西省,商州,2024-01-12,4.5
四川省,茂县,2024-01-12,4.5
山西省,壶关,2024-01-12,4.5
河南省,尉氏,2024-01-12,4.5
江苏省,江都,2024-01-12,4.5
山东省,成武,2024-01-12,4.5
四川省,越西,2024-01-12,4.6
河南省,沈丘,2024-01-12,4.6
江苏省,淮安,2024-01-12,4.6
安徽省,凤阳,2024-01-12,4.6
河南省,沁阳,2024-01-12,4.6
河南省,孟州,2024-01-12,4.6
河南省,博爱,2024-01-12,4.6
安徽省,宿州,2024-01-12,4.6
四川省,九寨沟,2024-01-12,4.6
河南省,新乡,2024-01-12,4.6
江苏省,楚州,2024-01-12,4.6
河南省,郸城,2024-01-12,4.6
山东省,费县,2024-01-12,4.6
云南省,丽江,2024-01-12,4.6
安徽省,亳州,2024-01-12,4.6
江苏省,灌南,2024-01-12,4.6
江苏省,宝应,2024-01-12,4.7
河南省,邓州,2024-01-12,4.7
江苏省,泰州,2024-01-12,4.7
河南省,卫辉,2024-01-12,4.7
甘肃省,舟曲,2024-01-12,4.7
河南省,新野,2024-01-12,4.7
西藏自治区,察隅,2024-01-12,4.8
四川省,青川,2024-01-12,4.8
河南省,温县,2024-01-12,4.8
河南省,淇县,2024-01-12,4.8
河南省,西华,2024-01-12,4.8
河南省,汝南,2024-01-12,4.8
河南省,三门峡,2024-01-12,4.8
山东省,日照,2024-01-12,4.9
山西省,高平,2024-01-12,4.9
云南省,剑川,2024-01-12,4.9
陕西省,镇安,2024-01-12,4.9
陕西省,山阳,2024-01-12,4.9
江苏省,阜宁,2024-01-12,5.0
陕西省,靖边,2024-01-12,5.0
安徽省,界首,2024-01-12,5.0
安徽省,肥西,2024-01-12,5.0
江苏省,涟水,2024-01-12,5.0
河南省,叶县,2024-01-12,5.0
上海市,崇明,2024-01-12,5.0
安徽省,淮北,2024-01-12,5.0
河南省,新郑,2024-01-12,5.0
甘肃省,武都,2024-01-12,5.0
河南省,太康,2024-01-12,5.0
山西省,平陆,2024-01-12,5.1
河南省,渑池,2024-01-12,5.1
河南省,临颍,2024-01-12,5.1
四川省,广元,2024-01-12,5.1
陕西省,丹凤,2024-01-12,5.1
安徽省,绩溪,2024-01-12,5.1
安徽省,黟县,2024-01-12,5.1
河南省,泌阳,2024-01-12,5.1
湖北省,房县,2024-01-12,5.1
安徽省,寿县,2024-01-12,5.1
河南省,汝阳,2024-01-12,5.2
江苏省,金湖,2024-01-12,5.2
河南省,禹州,2024-01-12,5.2
四川省,剑阁,2024-01-12,5.2
西藏自治区,樟木,2024-01-12,5.2
江苏省,泗洪,2024-01-12,5.2
江苏省,扬州,2024-01-12,5.2
河南省,开封,2024-01-12,5.3
河南省,荥阳,2024-01-12,5.3
江苏省,溧水,2024-01-12,5.3
陕西省,南郑,2024-01-12,5.3
云南省,洱源,2024-01-12,5.3
河南省,栾川,2024-01-12,5.3
云南省,永胜,2024-01-12,5.4
山东省,章丘,2024-01-12,5.4
陕西省,勉县,2024-01-12,5.4
浙江省,镇海,2024-01-12,5.4
河南省,郑州,2024-01-12,5.4
安徽省,黄山区,2024-01-12,5.5
河南省,宜阳,2024-01-12,5.5
河南省,新密,2024-01-12,5.5
云南省,鹤庆,2024-01-12,5.5
江苏省,六合,2024-01-12,5.5
浙江省,海宁,2024-01-12,5.6
上海市,青浦,2024-01-12,5.6
江苏省,仪征,2024-01-12,5.6
河南省,西平,2024-01-12,5.6
河南省,宝丰,2024-01-12,5.6
安徽省,灵璧,2024-01-12,5.6
江苏省,建湖,2024-01-12,5.6
河南省,上蔡,2024-01-12,5.6
河南省,舞阳,2024-01-12,5.6
安徽省,五河,2024-01-12,5.6
河南省,唐河,2024-01-12,5.6
河南省,焦作,2024-01-12,5.6
河南省,孟津,2024-01-12,5.7
上海市,金山,2024-01-12,5.7
河南省,洛阳,2024-01-12,5.7
安徽省,祁门,2024-01-12,5.7
安徽省,蒙城,2024-01-12,5.7
安徽省,蚌埠,2024-01-12,5.7
江苏省,兴化,2024-01-12,5.7
安徽省,广德,2024-01-12,5.8
陕西省,商南,2024-01-12,5.8
安徽省,阜阳,2024-01-12,5.8
河南省,南召,2024-01-12,5.8
安徽省,固镇,2024-01-12,5.8
四川省,汶川,2024-01-12,5.8
云南省,大理,2024-01-12,5.8
安徽省,利辛,2024-01-12,5.8
福建省,光泽,2024-01-12,5.8
湖北省,神农架,2024-01-12,5.8
陕西省,佛坪,2024-01-12,5.8
安徽省,来安,2024-01-12,5.8
重庆市,城口,2024-01-12,5.8
山西省,浮山,2024-01-12,5.9
江苏省,镇江,2024-01-12,5.9
河南省,平舆,2024-01-12,5.9
安徽省,太和,2024-01-12,5.9
湖北省,老河口,2024-01-12,5.9
四川省,平武,2024-01-12,5.9
陕西省,平利,2024-01-12,6.0
河南省,周口,2024-01-12,6.0
江苏省,盱眙,2024-01-12,6.0
安徽省,滁州,2024-01-12,6.0
安徽省,歙县,2024-01-12,6.0
安徽省,涡阳,2024-01-12,6.0
上海市,奉贤,2024-01-12,6.0
四川省,梓潼,2024-01-12,6.0
江苏省,东台,2024-01-12,6.0
陕西省,汉中,2024-01-12,6.1
四川省,木里,2024-01-12,6.1
四川省,旺苍,2024-01-12,6.1
河南省,洛宁,2024-01-12,6.1
河南省,内乡,2024-01-12,6.1
江苏省,泗阳,2024-01-12,6.2
浙江省,龙泉,2024-01-12,6.2
安徽省,定远,2024-01-12,6.2
甘肃省,正宁,2024-01-12,6.2
江苏省,如东,2024-01-12,6.2
山东省,薛城,2024-01-12,6.2
安徽省,休宁,2024-01-12,6.2
湖北省,建始,2024-01-12,6.2
安徽省,怀远,2024-01-12,6.2
浙江省,庆元,2024-01-12,6.2
浙江省,开化,2024-01-12,6.3
四川省,江油,2024-01-12,6.3
河南省,偃师,2024-01-12,6.3
安徽省,临泉,2024-01-12,6.4
安徽省,泗县,2024-01-12,6.4
陕西省,镇坪,2024-01-12,6.4
河南省,南阳,2024-01-12,6.4
安徽省,黄山市,2024-01-12,6.4
河南省,漯河,2024-01-12,6.4
浙江省,象山,2024-01-12,6.4
河南省,正阳,2024-01-12,6.4
河南省,遂平,2024-01-12,6.4
浙江省,慈溪,2024-01-12,6.5
四川省,昭觉,2024-01-12,6.5
贵州省,大方,2024-01-12,6.5
安徽省,天长,2024-01-12,6.5
安徽省,合肥,2024-01-12,6.5
四川省,通江,2024-01-12,6.6
江苏省,无锡,2024-01-12,6.6
河南省,新安,2024-01-12,6.6
浙江省,临海,2024-01-12,6.6
福建省,浦城,2024-01-12,6.6
湖北省,随州,2024-01-12,6.6
上海市,宝山,2024-01-12,6.6
浙江省,江北,2024-01-12,6.6
河南省,嵩县,2024-01-12,6.6
江苏省,启东,2024-01-12,6.6
江苏省,扬中,2024-01-12,6.6
云南省,昌宁,2024-01-12,6.6
浙江省,磐安,2024-01-12,6.6
湖北省,宣恩,2024-01-12,6.7
安徽省,岳西,2024-01-12,6.7
安徽省,全椒,2024-01-12,6.7
河南省,淅川,2024-01-12,6.7
福建省,松溪,2024-01-12,6.7
贵州省,盘州,2024-01-12,6.7
江苏省,高邮,2024-01-12,6.7
浙江省,松阳,2024-01-12,6.7
江西省,三清山,2024-01-12,6.8
江苏省,溧阳,2024-01-12,6.8
安徽省,淮南,2024-01-12,6.8
江苏省,句容,2024-01-12,6.8
福建省,寿宁,2024-01-12,6.8
江苏省,如皋,2024-01-12,6.8
安徽省,旌德,2024-01-12,6.8
陕西省,旬阳,2024-01-12,6.8
河南省,巩义,2024-01-12,6.8
河南省,郏县,2024-01-12,6.8
湖北省,郧西,2024-01-12,6.8
湖北省,英山,2024-01-12,6.8
浙江省,嘉善,2024-01-12,6.8
云南省,永平,2024-01-12,6.8
四川省,冕宁,2024-01-12,6.9
江苏省,太仓,2024-01-12,6.9
四川省,德阳,2024-01-12,6.9
福建省,南平,2024-01-12,6.9
湖北省,咸丰,2024-01-12,6.9
四川省,罗江,2024-01-12,6.9
陕西省,镇巴,2024-01-12,6.9
四川省,安州,2024-01-12,6.9
云南省,巍山,2024-01-12,6.9
四川省,南江,2024-01-12,6.9
云南省,贡山,2024-01-12,6.9
河南省,新蔡,2024-01-12,6.9
四川省,美姑,2024-01-12,6.9
陕西省,石泉,2024-01-12,6.9
安徽省,含山,2024-01-12,6.9
湖北省,保康,2024-01-12,7.0
四川省,盐亭,2024-01-12,7.0
陕西省,白河,2024-01-12,7.0
四川省,喜德,2024-01-12,7.0
江苏省,吴江,2024-01-12,7.0
江苏省,常州,2024-01-12,7.1
上海市,闵行,2024-01-12,7.1
福建省,政和,2024-01-12,7.1
四川省,中江,2024-01-12,7.1
湖北省,鹤峰,2024-01-12,7.1
四川省,射洪,2024-01-12,7.1
陕西省,宜君,2024-01-12,7.1
河南省,息县,2024-01-12,7.1
江苏省,丹阳,2024-01-12,7.2
江苏省,江阴,2024-01-12,7.2
福建省,屏南,2024-01-12,7.2
四川省,北川,2024-01-12,7.2
安徽省,石台,2024-01-12,7.2
湖北省,谷城,2024-01-12,7.2
浙江省,龙游,2024-01-12,7.2
浙江省,景宁,2024-01-12,7.2
江苏省,泰兴,2024-01-12,7.2
四川省,平昌,2024-01-12,7.2
江苏省,宜兴,2024-01-12,7.2
浙江省,天台,2024-01-12,7.3
四川省,华蓥,2024-01-12,7.3
江苏省,姜堰,2024-01-12,7.3
陕西省,安康,2024-01-12,7.3
安徽省,宣城,2024-01-12,7.3
云南省,云龙,2024-01-12,7.3
浙江省,安吉,2024-01-12,7.3
湖北省,应城,2024-01-12,7.3
甘肃省,文县,2024-01-12,7.3
云南省,会泽,2024-01-12,7.3
福建省,建瓯,2024-01-12,7.3
河南省,登封,2024-01-12,7.4
湖北省,孝感,2024-01-12,7.4
江西省,资溪,2024-01-12,7.4
陕西省,岚皋,2024-01-12,7.4
安徽省,长丰,2024-01-12,7.4
江苏省,海安,2024-01-12,7.4
湖北省,武汉,2024-01-12,7.4
江苏省,南京,2024-01-12,7.4
江苏省,江宁,2024-01-12,7.4
浙江省,泰顺,2024-01-12,7.4
浙江省,缙云,2024-01-12,7.4
浙江省,海曙,2024-01-12,7.4
浙江省,平湖,2024-01-12,7.4
四川省,万源,2024-01-12,7.4
浙江省,浦江,2024-01-12,7.4
四川省,宣汉,2024-01-12,7.4
四川省,什邡,2024-01-12,7.5
四川省,都江堰,2024-01-12,7.5
湖北省,南漳,2024-01-12,7.5
浙江省,新昌,2024-01-12,7.5
江苏省,南通,2024-01-12,7.5
河南省,平顶山,2024-01-12,7.5
河南省,确山,2024-01-12,7.5
四川省,三台,2024-01-12,7.5
安徽省,芜湖,2024-01-12,7.5
浙江省,北仑,2024-01-12,7.5
贵州省,习水,2024-01-12,7.5
浙江省,武义,2024-01-12,7.6
云南省,姚安,2024-01-12,7.6
浙江省,遂昌,2024-01-12,7.6
湖北省,郧阳区,2024-01-12,7.6
浙江省,云和,2024-01-12,7.6
安徽省,桐城,2024-01-12,7.6
山西省,乡宁,2024-01-12,7.6
四川省,彭州,2024-01-12,7.6
云南省,保山,2024-01-12,7.6
福建省,柘荣,2024-01-12,7.6
湖北省,黄梅,2024-01-12,7.6
江西省,婺源,2024-01-12,7.6
江西省,乐平,2024-01-12,7.6
浙江省,宁海,2024-01-12,7.6
江苏省,高淳,2024-01-12,7.6
重庆市,石柱,2024-01-12,7.6
湖北省,黄陂,2024-01-12,7.6
安徽省,颍上,2024-01-12,7.6
安徽省,宁国,2024-01-12,7.7
浙江省,嵊州,2024-01-12,7.7
安徽省,泾县,2024-01-12,7.7
福建省,周宁,2024-01-12,7.7
浙江省,建德,2024-01-12,7.7
江西省,共青城,2024-01-12,7.7
河南省,西峡,2024-01-12,7.7
湖北省,竹山,2024-01-12,7.7
安徽省,无为,2024-01-12,7.7
四川省,西充,2024-01-12,7.7
四川省,崇州,2024-01-12,7.8
云南省,腾冲,2024-01-12,7.8
安徽省,阜南,2024-01-12,7.8
江西省,浮梁,2024-01-12,7.8
福建省,泰宁,2024-01-12,7.8
四川省,绵竹,2024-01-12,7.8
云南省,祥云,2024-01-12,7.8
贵州省,湄潭,2024-01-12,7.8
浙江省,苍南,2024-01-12,7.8
浙江省,衢江,2024-01-12,7.8
云南省,大姚,2024-01-12,7.8
浙江省,定海,2024-01-12,7.8
福建省,建宁,2024-01-12,7.8
浙江省,丽水,2024-01-12,7.8
浙江省,上虞,2024-01-12,7.8
河南省,驻马店,2024-01-12,7.8
四川省,温江,2024-01-12,7.8
湖北省,宜城,2024-01-12,7.9
四川省,郫都,2024-01-12,7.9
江苏省,海门,2024-01-12,7.9
上海市,嘉定,2024-01-12,7.9
四川省,苍溪,2024-01-12,7.9
安徽省,池州,2024-01-12,7.9
云南省,弥渡,2024-01-12,7.9
上海市,南汇,2024-01-12,7.9
四川省,大英,2024-01-12,8.0
浙江省,衢州,2024-01-12,8.0
四川省,会东,2024-01-12,8.0
陕西省,汉阴,2024-01-12,8.0
湖北省,红安,2024-01-12,8.0
福建省,武夷山,2024-01-12,8.0
湖北省,来凤,2024-01-12,8.0
江苏省,张家港,2024-01-12,8.0
湖北省,天门,2024-01-12,8.0
河南省,镇平,2024-01-12,8.0
江西省,安义,2024-01-12,8.0
湖北省,恩施,2024-01-12,8.0
云南省,漾濞,2024-01-12,8.0
四川省,巴中,2024-01-12,8.0
四川省,渠县,2024-01-12,8.0
浙江省,兰溪,2024-01-12,8.1
四川省,广安区,2024-01-12,8.1
浙江省,海盐,2024-01-12,8.1
陕西省,紫阳,2024-01-12,8.1
四川省,阆中,2024-01-12,8.1
贵州省,织金,2024-01-12,8.1
江苏省,金坛,2024-01-12,8.1
湖北省,新洲,2024-01-12,8.1
四川省,广汉,2024-01-12,8.1
浙江省,三门,2024-01-12,8.1
贵州省,安顺,2024-01-12,8.2
云南省,南华,2024-01-12,8.2
河南省,固始,2024-01-12,8.2
江西省,玉山,2024-01-12,8.2
云南省,昭通,2024-01-12,8.2
江西省,宜丰,2024-01-12,8.2
浙江省,桐庐,2024-01-12,8.2
江西省,景德镇,2024-01-12,8.2
湖北省,丹江口,2024-01-12,8.2
四川省,蓬安,2024-01-12,8.2
湖南省,凤凰,2024-01-12,8.2
四川省,前锋,2024-01-12,8.2
四川省,蓬溪,2024-01-12,8.2
四川省,泸定,2024-01-12,8.2
浙江省,嘉兴,2024-01-12,8.2
重庆市,梁平,2024-01-12,8.2
江西省,德兴,2024-01-12,8.2
四川省,龙泉驿,2024-01-12,8.3
湖北省,京山,2024-01-12,8.3
江苏省,浦口,2024-01-12,8.3
湖北省,潜江,2024-01-12,8.3
安徽省,郎溪,2024-01-12,8.3
江西省,崇仁,2024-01-12,8.3
浙江省,永康,2024-01-12,8.3
四川省,遂宁,2024-01-12,8.3
福建省,邵武,2024-01-12,8.3
贵州省,遵义,2024-01-12,8.3
贵州省,汇川,2024-01-12,8.3
浙江省,文成,2024-01-12,8.3
湖南省,永顺,2024-01-12,8.3
浙江省,长兴,2024-01-12,8.3
四川省,成都,2024-01-12,8.3
上海市,松江,2024-01-12,8.3
安徽省,凤台,2024-01-12,8.3
浙江省,常山,2024-01-12,8.4
重庆市,酉阳,2024-01-12,8.4
浙江省,绍兴,2024-01-12,8.4
四川省,南部,2024-01-12,8.4
江西省,铜鼓,2024-01-12,8.4
江西省,黎川,2024-01-12,8.4
江苏省,靖江,2024-01-12,8.4
湖北省,远安,2024-01-12,8.4
湖南省,桑植,2024-01-12,8.4
浙江省,临安,2024-01-12,8.4
四川省,南充,2024-01-12,8.4
湖北省,仙桃,2024-01-12,8.4
湖北省,罗田,2024-01-12,8.4
湖北省,黄石,2024-01-12,8.4
上海市,浦东,2024-01-12,8.4
贵州省,普安,2024-01-12,8.5
福建省,古田,2024-01-12,8.5
贵州省,凤冈,2024-01-12,8.5
浙江省,宁波,2024-01-12,8.5
湖北省,大悟,2024-01-12,8.6
贵州省,绥阳,2024-01-12,8.6
湖南省,龙山,2024-01-12,8.6
四川省,石棉,2024-01-12,8.6
福建省,福鼎,2024-01-12,8.6
浙江省,余姚,2024-01-12,8.6
贵州省,开阳,2024-01-12,8.6
福建省,顺昌,2024-01-12,8.6
江苏省,通州,2024-01-12,8.6
贵州省,毕节,2024-01-12,8.6
江西省,庐山,2024-01-12,8.6
江西省,瑞昌,2024-01-12,8.6
江西省,德安,2024-01-12,8.6
重庆市,黔江,2024-01-12,8.6
浙江省,金华,2024-01-12,8.6
浙江省,淳安,2024-01-12,8.6
安徽省,舒城,2024-01-12,8.6
浙江省,诸暨,2024-01-12,8.6
浙江省,椒江,2024-01-12,8.6
贵州省,桐梓,2024-01-12,8.6
四川省,大竹,2024-01-12,8.6
云南省,镇雄,2024-01-12,8.6
浙江省,东阳,2024-01-12,8.6
安徽省,霍山,2024-01-12,8.6
江苏省,常熟,2024-01-12,8.6
安徽省,明光,2024-01-12,8.6
四川省,绵阳,2024-01-12,8.7
浙江省,江山,2024-01-12,8.7
湖北省,十堰,2024-01-12,8.7
江苏省,苏州,2024-01-12,8.7
安徽省,霍邱,2024-01-12,8.7
湖北省,云梦,2024-01-12,8.7
贵州省,思南,2024-01-12,8.7
江西省,万年,2024-01-12,8.7
江西省,弋阳,2024-01-12,8.7
贵州省,沿河,2024-01-12,8.7
安徽省,巢湖,2024-01-12,8.7
湖南省,吉首,2024-01-12,8.7
湖北省,麻城,2024-01-12,8.7
贵州省,晴隆,2024-01-12,8.7
江苏省,昆山,2024-01-12,8.7
四川省,开江,2024-01-12,8.7
江西省,东乡,2024-01-12,8.8
浙江省,路桥,2024-01-12,8.8
上海市,徐家汇,2024-01-12,8.8
重庆市,巫溪,2024-01-12,8.8
江西省,修水,2024-01-12,8.8
贵州省,纳雍,2024-01-12,8.8
云南省,威信,2024-01-12,8.8
浙江省,桐乡,2024-01-12,8.8
江西省,奉新,2024-01-12,8.8
云南省,福贡,2024-01-12,8.8
浙江省,仙居,2024-01-12,8.8
贵州省,正安,2024-01-12,8.8
湖南省,麻阳,2024-01-12,8.8
河南省,舞钢,2024-01-12,8.8
福建省,将乐,2024-01-12,8.8
云南省,富源,2024-01-12,8.8
湖北省,通山,2024-01-12,8.8
云南省,鲁甸,2024-01-12,8.9
贵州省,威宁,2024-01-12,8.9
江西省,广丰区,2024-01-12,8.9
湖北省,黄冈,2024-01-12,8.9
重庆市,垫江,2024-01-12,8.9
四川省,金堂,2024-01-12,8.9
浙江省,普陀,2024-01-12,8.9
江西省,九江,2024-01-12,9.0
浙江省,永嘉,2024-01-12,9.0
河南省,光山,2024-01-12,9.0
江西省,贵溪,2024-01-12,9.0
湖北省,兴山,2024-01-12,9.0
湖北省,武穴,2024-01-12,9.0
湖北省,大冶,2024-01-12,9.0
湖南省,古丈,2024-01-12,9.0
贵州省,黔西,2024-01-12,9.0
贵州省,道真,2024-01-12,9.0
湖北省,蕲春,2024-01-12,9.0
湖北省,枝江,2024-01-12,9.0
江西省,南丰,2024-01-12,9.0
四川省,营山,2024-01-12,9.0
湖北省,浠水,2024-01-12,9.0
贵州省,播州,2024-01-12,9.1
湖北省,五峰,2024-01-12,9.1
江西省,铅山,2024-01-12,9.1
湖北省,松滋,2024-01-12,9.1
湖南省,泸溪,2024-01-12,9.1
重庆市,忠县,2024-01-12,9.1
江西省,余江,2024-01-12,9.1
湖北省,汉川,2024-01-12,9.1
安徽省,潜山,2024-01-12,9.1
江西省,宜黄,2024-01-12,9.1
湖北省,当阳,2024-01-12,9.1
贵州省,德江,2024-01-12,9.1
福建省,霞浦,2024-01-12,9.1
浙江省,龙港,2024-01-12,9.2
浙江省,柯桥,2024-01-12,9.2
江西省,庐山市,2024-01-12,9.2
湖南省,平江,2024-01-12,9.2
河南省,汝州,2024-01-12,9.2
云南省,禄劝,2024-01-12,9.2
重庆市,秀山,2024-01-12,9.2
江西省,南昌县,2024-01-12,9.2
湖北省,枣阳,2024-01-12,9.2
四川省,新津,2024-01-12,9.2
江西省,上饶,2024-01-12,9.2
湖北省,荆州,2024-01-12,9.2
湖南省,怀化,2024-01-12,9.2
湖南省,保靖,2024-01-12,9.2
贵州省,金沙,2024-01-12,9.2
江西省,永修,2024-01-12,9.2
贵州省,务川,2024-01-12,9.3
贵州省,水城,2024-01-12,9.3
安徽省,南陵,2024-01-12,9.3
安徽省,和县,2024-01-12,9.3
四川省,大邑,2024-01-12,9.3
浙江省,青田,2024-01-12,9.3
河南省,淮滨,2024-01-12,9.3
浙江省,奉化,2024-01-12,9.4
湖南省,浏阳,2024-01-12,9.4
浙江省,乐清,2024-01-12,9.4
江西省,广信区,2024-01-12,9.4
四川省,仪陇,2024-01-12,9.4
四川省,会理,2024-01-12,9.4
江西省,武宁,2024-01-12,9.4
贵州省,六枝,2024-01-12,9.4
贵州省,印江,2024-01-12,9.4
湖北省,长阳,2024-01-12,9.4
四川省,甘洛,2024-01-12,9.4
贵州省,白云,2024-01-12,9.4
湖北省,蔡甸,2024-01-12,9.4
江西省,新建,2024-01-12,9.4
江西省,永丰,2024-01-12,9.4
浙江省,平阳,2024-01-12,9.4
浙江省,黄岩,2024-01-12,9.4
重庆市,巫山,2024-01-12,9.4
云南省,龙陵,2024-01-12,9.4
四川省,达川,2024-01-12,9.4
重庆市,开州,2024-01-12,9.4
湖南省,洪江,2024-01-12,9.4
云南省,寻甸,2024-01-12,9.4
江西省,靖安,2024-01-12,9.4
贵州省,江口,2024-01-12,9.5
贵州省,息烽,2024-01-12,9.5
福建省,延平,2024-01-12,9.5
湖南省,涟源,2024-01-12,9.5
四川省,双流,2024-01-12,9.5
贵州省,松桃,2024-01-12,9.5
贵州省,修文,2024-01-12,9.5
湖南省,娄底,2024-01-12,9.5
浙江省,富阳,2024-01-12,9.5
贵州省,平坝,2024-01-12,9.6
贵州省,清镇,2024-01-12,9.6
四川省,邛崃,2024-01-12,9.6
四川省,新都,2024-01-12,9.6
浙江省,义乌,2024-01-12,9.6
四川省,西昌,2024-01-12,9.6
贵州省,赫章,2024-01-12,9.6
四川省,邻水,2024-01-12,9.6
贵州省,石阡,2024-01-12,9.6
浙江省,温岭,2024-01-12,9.6
安徽省,青阳,2024-01-12,9.6
贵州省,碧江,2024-01-12,9.6
河南省,新县,2024-01-12,9.6
安徽省,肥东,2024-01-12,9.6
云南省,师宗,2024-01-12,9.6
湖南省,花垣,2024-01-12,9.6
湖南省,辰溪,2024-01-12,9.6
安徽省,太湖,2024-01-12,9.6
浙江省,杭州,2024-01-12,9.6
浙江省,瑞安,2024-01-12,9.6
湖南省,沅陵,2024-01-12,9.6
浙江省,温州,2024-01-12,9.7
湖北省,安陆,2024-01-12,9.7
浙江省,玉环,2024-01-12,9.7
重庆市,武隆,2024-01-12,9.7
湖北省,巴东,2024-01-12,9.7
河南省,潢川,2024-01-12,9.7
安徽省,六安,2024-01-12,9.7
安徽省,东至,2024-01-12,9.7
河南省,桐柏,2024-01-12,9.7
江西省,鄱阳,2024-01-12,9.7
江西省,樟树,2024-01-12,9.8
湖南省,澧县,2024-01-12,9.8
四川省,宝兴,2024-01-12,9.8
浙江省,洞头,2024-01-12,9.8
贵州省,万山,2024-01-12,9.8
重庆市,彭水,2024-01-12,9.8
贵州省,安龙,2024-01-12,9.8
浙江省,岱山,2024-01-12,9.8
云南省,宣威,2024-01-12,9.8
重庆市,丰都,2024-01-12,9.8
江西省,横峰,2024-01-12,9.8
江西省,鹰潭,2024-01-12,9.8
福建省,尤溪,2024-01-12,9.8
湖北省,阳新,2024-01-12,9.8
河南省,罗山,2024-01-12,9.9
湖北省,广水,2024-01-12,9.9
贵州省,贵阳,2024-01-12,9.9
云南省,南涧,2024-01-12,9.9
云南省,太华山,2024-01-12,9.9
江西省,峡江,2024-01-12,9.9
江西省,余干,2024-01-12,9.9
江西省,南昌,2024-01-12,9.9
四川省,乐至,2024-01-12,9.9
湖北省,宜都,2024-01-12,10.0
湖北省,襄阳,2024-01-12,10.0
湖南省,衡阳市,2024-01-12,10.0
重庆市,万州,2024-01-12,10.0
云南省,凤庆,2024-01-12,10.0
安徽省,怀宁,2024-01-12,10.0
浙江省,嵊泗,2024-01-12,10.0
西藏自治区,墨脱,2024-01-12,10.0
贵州省,长顺,2024-01-12,10.0
湖南省,张家界,2024-01-12,10.0
贵州省,普定,2024-01-12,10.0
湖南省,衡阳县,2024-01-12,10.0
四川省,资阳,2024-01-12,10.0
湖北省,夷陵区,2024-01-12,10.0
湖北省,通城,2024-01-12,10.1
四川省,岳池,2024-01-12,10.1
江西省,井冈山,2024-01-12,10.1
江西省,南城,2024-01-12,10.1
湖南省,南岳,2024-01-12,10.1
福建省,沙县,2024-01-12,10.1
湖南省,溆浦,2024-01-12,10.1
云南省,武定,2024-01-12,10.1
江西省,万载,2024-01-12,10.2
贵州省,兴仁,2024-01-12,10.2
云南省,梁河,2024-01-12,10.2
湖南省,邵阳县,2024-01-12,10.2
四川省,汉源,2024-01-12,10.2
四川省,安岳,2024-01-12,10.2
江西省,湖口,2024-01-12,10.2
重庆市,云阳,2024-01-12,10.2
云南省,嵩明,2024-01-12,10.2
江西省,上栗,2024-01-12,10.2
四川省,简阳,2024-01-12,10.2
江西省,高安,2024-01-12,10.2
福建省,连江,2024-01-12,10.2
贵州省,紫云,2024-01-12,10.2
安徽省,芜湖县,2024-01-12,10.2
江西省,上高,2024-01-12,10.2
湖南省,新晃,2024-01-12,10.2
四川省,天全,2024-01-12,10.3
湖南省,湘潭,2024-01-12,10.3
四川省,武胜,2024-01-12,10.3
江西省,金溪,2024-01-12,10.3
贵州省,镇宁,2024-01-12,10.3
浙江省,余杭,2024-01-12,10.3
江西省,乐安,2024-01-12,10.3
贵州省,贞丰,2024-01-12,10.3
安徽省,庐江,2024-01-12,10.4
云南省,富民,2024-01-12,10.4
湖南省,常宁,2024-01-12,10.4
湖南省,衡南,2024-01-12,10.4
安徽省,繁昌,2024-01-12,10.4
重庆市,潼南,2024-01-12,10.4
贵州省,龙里,2024-01-12,10.4
湖南省,邵阳市,2024-01-12,10.4
江西省,广昌,2024-01-12,10.4
贵州省,瓮安,2024-01-12,10.4
江西省,新干,2024-01-12,10.4
福建省,大田,2024-01-12,10.4
湖北省,崇阳,2024-01-12,10.4
安徽省,铜陵,2024-01-12,10.4
云南省,施甸,2024-01-12,10.4
湖北省,钟祥,2024-01-12,10.4
四川省,雷波,2024-01-12,10.4
贵州省,独山,2024-01-12,10.4
四川省,名山,2024-01-12,10.4
云南省,永仁,2024-01-12,10.4
云南省,罗平,2024-01-12,10.4
福建省,德化,2024-01-12,10.5
安徽省,望江,2024-01-12,10.5
贵州省,都匀,2024-01-12,10.5
江西省,进贤,2024-01-12,10.5
湖南省,洞口,2024-01-12,10.5
贵州省,乌当,2024-01-12,10.5
贵州省,花溪,2024-01-12,10.5
湖南省,武冈,2024-01-12,10.6
江西省,安福,2024-01-12,10.6
江西省,都昌,2024-01-12,10.6
云南省,马龙,2024-01-12,10.6
重庆市,奉节,2024-01-12,10.6
贵州省,仁怀,2024-01-12,10.6
四川省,德昌,2024-01-12,10.6
湖南省,衡东,2024-01-12,10.6
湖南省,邵东,2024-01-12,10.6
江西省,柴桑区,2024-01-12,10.6
湖南省,祁东,2024-01-12,10.6
湖南省,耒阳,2024-01-12,10.6
浙江省,萧山,2024-01-12,10.6
福建省,永泰,2024-01-12,10.6
湖南省,新化,2024-01-12,10.6
湖南省,韶山,2024-01-12,10.6
四川省,井研,2024-01-12,10.6
广西壮族自治区,乐业,2024-01-12,10.6
安徽省,宿松,2024-01-12,10.6
四川省,蒲江,2024-01-12,10.6
四川省,芦山,2024-01-12,10.6
四川省,米易,2024-01-12,10.7
湖南省,祁阳,2024-01-12,10.7
湖北省,石首,2024-01-12,10.7
湖南省,醴陵,2024-01-12,10.7
湖南省,临澧,2024-01-12,10.7
四川省,内江,2024-01-12,10.7
安徽省,九华山,2024-01-12,10.7
湖北省,江夏,2024-01-12,10.7
贵州省,玉屏,2024-01-12,10.7
福建省,明溪,2024-01-12,10.7
福建省,永安,2024-01-12,10.7
湖南省,会同,2024-01-12,10.7
湖南省,芷江,2024-01-12,10.8
云南省,宾川,2024-01-12,10.8
湖南省,湘乡,2024-01-12,10.8
湖北省,荆门,2024-01-12,10.8
湖北省,鄂州,2024-01-12,10.8
贵州省,麻江,2024-01-12,10.8
四川省,普格,2024-01-12,10.8
四川省,仁寿,2024-01-12,10.8
湖南省,新邵,2024-01-12,10.8
贵州省,贵定,2024-01-12,10.8
云南省,华坪,2024-01-12,10.8
云南省,双柏,2024-01-12,10.8
贵州省,丹寨,2024-01-12,10.8
湖南省,长沙市,2024-01-12,10.8
湖北省,宜昌,2024-01-12,10.9
贵州省,黄平,2024-01-12,10.9
湖南省,冷水江,2024-01-12,10.9
重庆市,合川,2024-01-12,10.9
重庆市,铜梁,2024-01-12,10.9
贵州省,兴义,2024-01-12,10.9
贵州省,关岭,2024-01-12,10.9
云南省,昆明,2024-01-12,10.9
贵州省,三穗,2024-01-12,10.9
湖南省,冷水滩,2024-01-12,10.9
云南省,禄丰,2024-01-12,11.0
云南省,大关,2024-01-12,11.0
湖南省,湘江新区,2024-01-12,11.0
湖南省,隆回,2024-01-12,11.0
江西省,芦溪,2024-01-12,11.0
江西省,分宜,2024-01-12,11.0
福建省,罗源,2024-01-12,11.0
云南省,陇川,2024-01-12,11.0
贵州省,余庆,2024-01-12,11.0
安徽省,当涂,2024-01-12,11.0
福建省,闽清,2024-01-12,11.0
重庆市,南川,2024-01-12,11.0
安徽省,安庆,2024-01-12,11.0
湖南省,安乡,2024-01-12,11.0
江西省,丰城,2024-01-12,11.1
湖北省,咸宁,2024-01-12,11.1
湖南省,桃源,2024-01-12,11.1
江西省,宜春,2024-01-12,11.1
贵州省,镇远,2024-01-12,11.1
福建省,宁化,2024-01-12,11.1
湖北省,公安,2024-01-12,11.1
湖南省,新宁,2024-01-12,11.1
湖南省,华容,2024-01-12,11.1
四川省,资中,2024-01-12,11.1
福建省,长乐,2024-01-12,11.1
云南省,沾益,2024-01-12,11.2
福建省,清流,2024-01-12,11.2
四川省,荣县,2024-01-12,11.2
福建省,三明,2024-01-12,11.2
湖北省,洪湖,2024-01-12,11.2
贵州省,惠水,2024-01-12,11.2
四川省,荥经,2024-01-12,11.2
湖南省,宁乡,2024-01-12,11.2
四川省,彭山,2024-01-12,11.2
安徽省,马鞍山,2024-01-12,11.2
湖南省,石门,2024-01-12,11.2
湖北省,三峡,2024-01-12,11.3
湖南省,南县,2024-01-12,11.3
湖北省,赤壁,2024-01-12,11.3
云南省,泸西,2024-01-12,11.3
安徽省,枞阳,2024-01-12,11.3
四川省,雅安,2024-01-12,11.3
湖南省,攸县,2024-01-12,11.3
湖南省,慈利,2024-01-12,11.4
湖南省,衡山,2024-01-12,11.4
湖南省,桂东,2024-01-12,11.4
广西壮族自治区,南丹,2024-01-12,11.4
贵州省,天柱,2024-01-12,11.4
湖南省,株洲,2024-01-12,11.4
福建省,福安,2024-01-12,11.4
四川省,丹棱,2024-01-12,11.4
四川省,眉山,2024-01-12,11.4
浙江省,湖州,2024-01-12,11.4
江西省,吉水,2024-01-12,11.4
江西省,莲花,2024-01-12,11.4
贵州省,锦屏,2024-01-12,11.4
四川省,富顺,2024-01-12,11.5
贵州省,雷山,2024-01-12,11.5
重庆市,涪陵,2024-01-12,11.5
江西省,萍乡,2024-01-12,11.5
江西省,石城,2024-01-12,11.5
湖南省,双峰,2024-01-12,11.5
湖南省,靖州,2024-01-12,11.5
四川省,洪雅,2024-01-12,11.6
贵州省,黎平,2024-01-12,11.6
湖北省,秭归,2024-01-12,11.6
云南省,楚雄,2024-01-12,11.6
四川省,屏山,2024-01-12,11.6
湖南省,沅江,2024-01-12,11.6
湖南省,汉寿,2024-01-12,11.6
重庆市,北碚,2024-01-12,11.6
湖南省,安化,2024-01-12,11.6
贵州省,凯里,2024-01-12,11.6
福建省,福清,2024-01-12,11.7
湖北省,嘉鱼,2024-01-12,11.7
福建省,宁德,2024-01-12,11.7
云南省,曲靖,2024-01-12,11.7
云南省,元谋,2024-01-12,11.7
湖南省,永州,2024-01-12,11.7
湖南省,长沙县,2024-01-12,11.7
湖南省,通道,2024-01-12,11.7
湖南省,双牌,2024-01-12,11.7
云南省,永德,2024-01-12,11.7
浙江省,德清,2024-01-12,11.7
贵州省,福泉,2024-01-12,11.7
云南省,安宁,2024-01-12,11.7
四川省,叙永,2024-01-12,11.7
贵州省,施秉,2024-01-12,11.8
四川省,高县,2024-01-12,11.8
重庆市,荣昌,2024-01-12,11.8
云南省,晋宁,2024-01-12,11.8
福建省,闽侯,2024-01-12,11.8
贵州省,台江,2024-01-12,11.8
福建省,仙游,2024-01-12,11.8
重庆市,綦江,2024-01-12,11.8
重庆市,万盛,2024-01-12,11.9
四川省,自贡,2024-01-12,11.9
云南省,临沧,2024-01-12,11.9
四川省,泸县,2024-01-12,11.9
湖南省,绥宁,2024-01-12,11.9
湖南省,东安,2024-01-12,11.9
福建省,福州,2024-01-12,12.0
湖南省,桃江,2024-01-12,12.0
四川省,青神,2024-01-12,12.0
重庆市,渝北,2024-01-12,12.0
重庆市,巴南,2024-01-12,12.0
四川省,宜宾县,2024-01-12,12.0
福建省,平潭,2024-01-12,12.1
四川省,盐边,2024-01-12,12.1
贵州省,平塘,2024-01-12,12.1
贵州省,剑河,2024-01-12,12.1
重庆市,大足,2024-01-12,12.1
四川省,夹江,2024-01-12,12.1
湖南省,湘阴,2024-01-12,12.1
四川省,隆昌,2024-01-12,12.1
四川省,古蔺,2024-01-12,12.2
重庆市,长寿,2024-01-12,12.2
湖南省,望城区,2024-01-12,12.2
福建省,漳平,2024-01-12,12.2
云南省,西畴,2024-01-12,12.2
河南省,信阳,2024-01-12,12.2
四川省,筠连,2024-01-12,12.2
四川省,宜宾,2024-01-12,12.2
江西省,宁都,2024-01-12,12.2
四川省,南溪,2024-01-12,12.2
江西省,新余,2024-01-12,12.2
四川省,仁和,2024-01-12,12.2
湖南省,汨罗,2024-01-12,12.2
江西省,永新,2024-01-12,12.3
广西壮族自治区,三江,2024-01-12,12.3
四川省,珙县,2024-01-12,12.3
四川省,威远,2024-01-12,12.3
四川省,攀枝花,2024-01-12,12.3
福建省,云霄,2024-01-12,12.3
江西省,吉安,2024-01-12,12.3
四川省,兴文,2024-01-12,12.4
四川省,合江,2024-01-12,12.4
云南省,盈江,2024-01-12,12.4
湖南省,常德,2024-01-12,12.4
云南省,永善,2024-01-12,12.4
江西省,彭泽,2024-01-12,12.4
四川省,五通桥,2024-01-12,12.4
云南省,陆良,2024-01-12,12.4
河南省,商城,2024-01-12,12.4
湖南省,安仁,2024-01-12,12.4
福建省,连城,2024-01-12,12.4
云南省,广南,2024-01-12,12.4
福建省,秀屿,2024-01-12,12.4
四川省,峨眉,2024-01-12,12.4
云南省,个旧,2024-01-12,12.4
云南省,瑞丽,2024-01-12,12.4
湖南省,炎陵,2024-01-12,12.5
福建省,永春,2024-01-12,12.5
云南省,沧源,2024-01-12,12.5
湖南省,汝城,2024-01-12,12.5
福建省,莆田,2024-01-12,12.5
云南省,丘北,2024-01-12,12.5
湖北省,监利,2024-01-12,12.6
湖南省,永兴,2024-01-12,12.6
云南省,盐津,2024-01-12,12.6
福建省,长汀,2024-01-12,12.6
贵州省,赤水,2024-01-12,12.6
湖南省,桂阳,2024-01-12,12.6
四川省,长宁,2024-01-12,12.6
云南省,易门,2024-01-12,12.7
四川省,江安,2024-01-12,12.7
湖南省,蓝山,2024-01-12,12.7
四川省,犍为,2024-01-12,12.7
湖南省,新田,2024-01-12,12.7
江西省,全南,2024-01-12,12.7
广西壮族自治区,临桂,2024-01-12,12.7
云南省,屏边,2024-01-12,12.7
云南省,呈贡,2024-01-12,12.7
江西省,泰和,2024-01-12,12.8
广西壮族自治区,隆林,2024-01-12,12.8
贵州省,荔波,2024-01-12,12.8
四川省,乐山,2024-01-12,12.8
福建省,永定,2024-01-12,12.8
广西壮族自治区,富川,2024-01-12,12.8
江西省,会昌,2024-01-12,12.8
湖南省,益阳,2024-01-12,12.9
江西省,万安,2024-01-12,12.9
湖南省,城步,2024-01-12,12.9
四川省,纳溪,2024-01-12,12.9
四川省,马边,2024-01-12,12.9
四川省,泸州,2024-01-12,12.9
广西壮族自治区,灵川,2024-01-12,12.9
安徽省,金寨,2024-01-12,12.9
湖南省,嘉禾,2024-01-12,12.9
广西壮族自治区,资源,2024-01-12,12.9
四川省,沐川,2024-01-12,12.9
湖南省,临武,2024-01-12,12.9
重庆市,永川,2024-01-12,12.9
广东省,大埔,2024-01-12,13.0
广西壮族自治区,兴安,2024-01-12,13.0
湖南省,临湘,2024-01-12,13.0
云南省,玉溪,2024-01-12,13.0
云南省,彝良,2024-01-12,13.0
重庆市,璧山,2024-01-12,13.0
广西壮族自治区,罗城,2024-01-12,13.0
湖南省,岳阳,2024-01-12,13.0
四川省,宁南,2024-01-12,13.0
湖南省,资兴,2024-01-12,13.1
广东省,平远,2024-01-12,13.1
云南省,通海,2024-01-12,13.1
贵州省,从江,2024-01-12,13.1
江西省,于都,2024-01-12,13.1
云南省,景东,2024-01-12,13.1
福建省,漳浦,2024-01-12,13.1
福建省,龙岩,2024-01-12,13.1
福建省,泉州,2024-01-12,13.2
重庆市,江津,2024-01-12,13.2
福建省,南安,2024-01-12,13.2
云南省,云县,2024-01-12,13.2
广西壮族自治区,环江,2024-01-12,13.2
四川省,峨边,2024-01-12,13.2
云南省,峨山,2024-01-12,13.2
江西省,厦坪,2024-01-12,13.2
广西壮族自治区,永福,2024-01-12,13.2
福建省,诏安,2024-01-12,13.2
广西壮族自治区,桂林,2024-01-12,13.3
湖南省,江永,2024-01-12,13.3
广西壮族自治区,全州,2024-01-12,13.3
云南省,芒市,2024-01-12,13.3
湖南省,茶陵,2024-01-12,13.3
福建省,晋江,2024-01-12,13.3
湖南省,郴州,2024-01-12,13.4
云南省,华宁,2024-01-12,13.4
广西壮族自治区,宜州,2024-01-12,13.4
福建省,华安,2024-01-12,13.4
江西省,安远,2024-01-12,13.4
广西壮族自治区,德保,2024-01-12,13.4
江西省,崇义,2024-01-12,13.4
湖南省,宁远,2024-01-12,13.4
福建省,崇武,2024-01-12,13.4
贵州省,三都,2024-01-12,13.4
广西壮族自治区,金秀,2024-01-12,13.4
江西省,瑞金,2024-01-12,13.4
湖南省,宜章,2024-01-12,13.4
福建省,上杭,2024-01-12,13.5
广西壮族自治区,西林,2024-01-12,13.5
云南省,六库,2024-01-12,13.5
福建省,平和,2024-01-12,13.5
广西壮族自治区,灌阳,2024-01-12,13.5
福建省,厦门,2024-01-12,13.5
云南省,耿马,2024-01-12,13.5
江西省,寻乌,2024-01-12,13.6
云南省,砚山,2024-01-12,13.6
广西壮族自治区,东兰,2024-01-12,13.6
重庆市,沙坪坝,2024-01-12,13.6
广东省,饶平,2024-01-12,13.6
广西壮族自治区,钟山,2024-01-12,13.6
福建省,同安,2024-01-12,13.6
广东省,南澳,2024-01-12,13.6
云南省,镇康,2024-01-12,13.6
广东省,潮州,2024-01-12,13.6
广东省,蕉岭,2024-01-12,13.6
湖南省,江华,2024-01-12,13.6
四川省,金阳,2024-01-12,13.7
贵州省,榕江,2024-01-12,13.7
广东省,梅州,2024-01-12,13.7
广西壮族自治区,靖西,2024-01-12,13.7
广东省,梅县（梅州）,2024-01-12,13.7
贵州省,册亨,2024-01-12,13.7
广西壮族自治区,龙胜,2024-01-12,13.8
广东省,仁化,2024-01-12,13.8
广西壮族自治区,凤山,2024-01-12,13.8
广西壮族自治区,马山,2024-01-12,13.8
云南省,勐海,2024-01-12,13.8
云南省,新平,2024-01-12,13.8
广西壮族自治区,融安,2024-01-12,13.8
广西壮族自治区,柳城,2024-01-12,13.8
云南省,宁洱,2024-01-12,13.8
广西壮族自治区,那坡,2024-01-12,13.8
广西壮族自治区,象州,2024-01-12,13.8
广东省,兴宁,2024-01-12,13.8
广西壮族自治区,融水,2024-01-12,13.8
广西壮族自治区,天峨,2024-01-12,13.8
云南省,马关,2024-01-12,13.8
广西壮族自治区,忻城,2024-01-12,13.9
福建省,安溪,2024-01-12,13.9
广西壮族自治区,阳朔,2024-01-12,13.9
福建省,漳州,2024-01-12,13.9
江西省,遂川,2024-01-12,13.9
福建省,南靖,2024-01-12,13.9
江西省,兴国,2024-01-12,13.9
广西壮族自治区,荔浦,2024-01-12,13.9
江西省,南康,2024-01-12,13.9
广西壮族自治区,河池,2024-01-12,13.9
云南省,绥江,2024-01-12,14.0
云南省,麻栗坡,2024-01-12,14.0
广东省,潮阳,2024-01-12,14.0
湖南省,道县,2024-01-12,14.0
云南省,东川,2024-01-12,14.0
广东省,始兴,2024-01-12,14.0
广西壮族自治区,平乐,2024-01-12,14.0
广西壮族自治区,凌云,2024-01-12,14.0
江西省,龙南,2024-01-12,14.1
广东省,曲江,2024-01-12,14.1
广西壮族自治区,天等,2024-01-12,14.1
江西省,信丰,2024-01-12,14.1
广西壮族自治区,柳州,2024-01-12,14.1
云南省,宜良,2024-01-12,14.1
广西壮族自治区,上林,2024-01-12,14.1
广西壮族自治区,贺州,2024-01-12,14.1
广东省,连州,2024-01-12,14.2
广西壮族自治区,宾阳,2024-01-12,14.2
福建省,龙海,2024-01-12,14.2
广西壮族自治区,鹿寨,2024-01-12,14.2
广西壮族自治区,来宾,2024-01-12,14.2
云南省,墨江,2024-01-12,14.2
广西壮族自治区,恭城,2024-01-12,14.2
广东省,南雄,2024-01-12,14.2
福建省,武平,2024-01-12,14.2
云南省,江川,2024-01-12,14.2
福建省,东山,2024-01-12,14.2
广西壮族自治区,柳江,2024-01-12,14.2
广西壮族自治区,蒙山,2024-01-12,14.2
江西省,上犹,2024-01-12,14.2
广西壮族自治区,都安,2024-01-12,14.3
云南省,澄江,2024-01-12,14.3
福建省,长泰,2024-01-12,14.4
云南省,石林,2024-01-12,14.4
江西省,定南,2024-01-12,14.4
广东省,澄海,2024-01-12,14.4
江西省,赣州,2024-01-12,14.4
云南省,镇沅,2024-01-12,14.4
贵州省,罗甸,2024-01-12,14.4
贵州省,望谟,2024-01-12,14.4
广东省,龙川,2024-01-12,14.4
广东省,和平,2024-01-12,14.5
江西省,大余,2024-01-12,14.5
广西壮族自治区,南宁城区,2024-01-12,14.5
广西壮族自治区,南宁,2024-01-12,14.5
广东省,连南,2024-01-12,14.5
广东省,乐昌,2024-01-12,14.6
云南省,文山,2024-01-12,14.6
广东省,连山,2024-01-12,14.6
广西壮族自治区,巴马,2024-01-12,14.6
云南省,双江,2024-01-12,14.6
广东省,阳山,2024-01-12,14.6
云南省,石屏,2024-01-12,14.6
广西壮族自治区,平果,2024-01-12,14.7
广西壮族自治区,武鸣,2024-01-12,14.7
广东省,五华,2024-01-12,14.7
广东省,河源,2024-01-12,14.7
广东省,乳源,2024-01-12,14.7
广东省,陆丰,2024-01-12,14.8
广西壮族自治区,上思,2024-01-12,14.8
广东省,丰顺,2024-01-12,14.8
云南省,弥勒,2024-01-12,14.8
广西壮族自治区,凭祥,2024-01-12,14.8
云南省,景谷,2024-01-12,14.9
广西壮族自治区,隆安,2024-01-12,14.9
广东省,揭阳,2024-01-12,14.9
广西壮族自治区,邕宁,2024-01-12,14.9
广东省,连平,2024-01-12,14.9
广东省,德庆,2024-01-12,14.9
广西壮族自治区,大新,2024-01-12,15.0
广西壮族自治区,武宣,2024-01-12,15.0
广东省,翁源,2024-01-12,15.0
广西壮族自治区,昭平,2024-01-12,15.0
广西壮族自治区,扶绥,2024-01-12,15.0
广东省,揭西,2024-01-12,15.0
广西壮族自治区,田林,2024-01-12,15.0
广东省,紫金,2024-01-12,15.0
广东省,海丰,2024-01-12,15.0
广西壮族自治区,崇左,2024-01-12,15.0
广东省,新丰,2024-01-12,15.1
广东省,普宁,2024-01-12,15.1
云南省,建水,2024-01-12,15.1
云南省,孟连,2024-01-12,15.1
云南省,蒙自,2024-01-12,15.2
广西壮族自治区,田东,2024-01-12,15.2
云南省,富宁,2024-01-12,15.4
广西壮族自治区,横县,2024-01-12,15.4
广东省,龙门,2024-01-12,15.4
广东省,惠来,2024-01-12,15.4
广东省,韶关,2024-01-12,15.4
云南省,澜沧,2024-01-12,15.4
云南省,西盟,2024-01-12,15.4
广西壮族自治区,宁明,2024-01-12,15.5
广东省,英德,2024-01-12,15.6
广西壮族自治区,平南,2024-01-12,15.6
广东省,封开,2024-01-12,15.6
广西壮族自治区,藤县,2024-01-12,15.7
广西壮族自治区,田阳,2024-01-12,15.7
广东省,新兴,2024-01-12,15.8
广东省,怀集,2024-01-12,15.8
广东省,汕头,2024-01-12,15.8
广东省,云浮,2024-01-12,15.8
广东省,郁南,2024-01-12,15.8
广西壮族自治区,容县,2024-01-12,15.8
广西壮族自治区,梧州,2024-01-12,15.8
广东省,肇庆,2024-01-12,15.9
广东省,高要（肇庆）,2024-01-12,15.9
云南省,绿春,2024-01-12,15.9
云南省,思茅,2024-01-12,16.0
云南省,巧家,2024-01-12,16.0
广西壮族自治区,贵港,2024-01-12,16.0
广西壮族自治区,桂平,2024-01-12,16.0
广西壮族自治区,百色,2024-01-12,16.0
云南省,江城,2024-01-12,16.1
广西壮族自治区,岑溪,2024-01-12,16.1
广西壮族自治区,龙圩,2024-01-12,16.1
广西壮族自治区,北流,2024-01-12,16.2
广东省,惠东,2024-01-12,16.2
广西壮族自治区,钦州,2024-01-12,16.2
广西壮族自治区,龙州,2024-01-12,16.3
广东省,广宁,2024-01-12,16.3
广东省,佛冈,2024-01-12,16.4
云南省,金平,2024-01-12,16.4
云南省,红河,2024-01-12,16.5
广东省,广州,2024-01-12,16.6
广东省,四会,2024-01-12,16.6
广东省,汕尾,2024-01-12,16.6
广西壮族自治区,防城,2024-01-12,16.6
云南省,开远,2024-01-12,16.6
广东省,从化,2024-01-12,16.7
广西壮族自治区,防城港,2024-01-12,16.7
广西壮族自治区,灵山,2024-01-12,16.8
广西壮族自治区,玉林,2024-01-12,16.8
广东省,鹤山,2024-01-12,16.8
广东省,恩平,2024-01-12,16.8
广东省,博罗,2024-01-12,16.9
广东省,增城,2024-01-12,17.0
广东省,惠阳（惠州）,2024-01-12,17.2
广东省,开平,2024-01-12,17.3
广西壮族自治区,博白,2024-01-12,17.3
广东省,罗定,2024-01-12,17.3
广西壮族自治区,陆川,2024-01-12,17.4
广东省,三水,2024-01-12,17.5
广东省,清远,2024-01-12,17.6
广东省,阳春,2024-01-12,17.7
广西壮族自治区,东兴,2024-01-12,17.8
广西壮族自治区,浦北,2024-01-12,18.0
广东省,南海（佛山）,2024-01-12,18.0
云南省,勐腊,2024-01-12,18.1
广东省,深圳,2024-01-12,18.2
广东省,东莞,2024-01-12,18.3
广东省,台山,2024-01-12,18.3
广东省,花都,2024-01-12,18.3
广东省,信宜,2024-01-12,18.3
云南省,河口,2024-01-12,18.4
广东省,中山,2024-01-12,18.4
澳门特别行政区,澳门,2024-01-12,18.4
广东省,阳江,2024-01-12,18.6
广西壮族自治区,合浦,2024-01-12,18.7
广东省,斗门,2024-01-12,18.8
广东省,新会（江门）,2024-01-12,18.8
广东省,江门,2024-01-12,18.8
香港特别行政区,香港,2024-01-12,18.8
广东省,高州,2024-01-12,18.9
广东省,珠海,2024-01-12,19.0
广东省,顺德,2024-01-12,19.1
广东省,番禺,2024-01-12,19.2
广东省,茂名,2024-01-12,19.4
云南省,景洪,2024-01-12,19.6
广西壮族自治区,北海,2024-01-12,19.6
广东省,廉江,2024-01-12,19.6
广东省,湛江,2024-01-12,19.6
广东省,吴川,2024-01-12,19.6
广东省,电白,2024-01-12,19.8
广东省,遂溪,2024-01-12,19.8
海南省,琼中,2024-01-12,20.0
广西壮族自治区,涠洲岛,2024-01-12,20.0
广东省,化州,2024-01-12,20.1
广东省,雷州,2024-01-12,20.2
海南省,五指山,2024-01-12,20.3
云南省,元江,2024-01-12,20.5
海南省,白沙,2024-01-12,20.7
海南省,澄迈,2024-01-12,20.7
云南省,元阳,2024-01-12,21.0
海南省,定安,2024-01-12,21.1
海南省,临高,2024-01-12,21.2
海南省,屯昌,2024-01-12,21.3
海南省,儋州,2024-01-12,21.4
海南省,乐东,2024-01-12,21.8
海南省,中沙,2024-01-12,21.8
海南省,海口,2024-01-12,21.8
广东省,徐闻,2024-01-12,21.9
海南省,文昌,2024-01-12,22.1
海南省,琼海,2024-01-12,22.2
海南省,保亭,2024-01-12,22.5
海南省,万宁,2024-01-12,22.7
海南省,陵水,2024-01-12,22.7
海南省,昌江,2024-01-12,23.1
海南省,东方,2024-01-12,23.2
海南省,三亚,2024-01-12,23.4
海南省,西沙,2024-01-12,24.2
陕西省,武功,2024-01-12,"2,500.4"
云南省,牟定,2024-01-12,"2,505.6"
贵州省,岑巩,2024-01-12,"2,506.9"
